:020000040800F2
:1000000000500020DD270008AD250008B5250008B8
:10001000BD250008C5250008CD250008000000000A
:10002000000000000000000000000000D5250008CE
:10003000E125000800000000ED250008F925000872
:10004000252800082528000825280008252800085C
:10005000252800082528000825280008252800084C
:10006000252800082528000825280008252800083C
:10007000252800082528000825280008252800082C
:10008000252800082528000825280008252800081C
:10009000252800082528000825280008152600081E
:1000A00025280008252800082528000825280008FC
:1000B00025280008252800082528000825280008EC
:1000C00025280008252800082528000825280008DC
:1000D00025280008252600082528000839260008BC
:1000E0002528000825280008252800080000000011
:1000F0000000000000000000000000000000000000
:0C01000000000000000000005FF808F1A3
:1001100010B5054C237833B9044B13B10448AFF341
:1001200000800123237010BDDC01002000000000CE
:10013000888A000808B5034B1BB103490348AFF395
:10014000008008BD00000000E0010020888A00084F
:10015000034613F8012B002AFBD1181A0138704707
:1001600081F0004102E000BF83F0004330B54FEA68
:1001700041044FEA430594EA050F08BF90EA020FD5
:100180001FBF54EA000C55EA020C7FEA645C7FEA68
:10019000655C00F0E2804FEA5454D4EB5555B8BF8B
:1001A0006D420CDD2C4480EA020281EA030382EAFC
:1001B000000083EA010180EA020281EA0303362D8E
:1001C00088BF30BD11F0004F4FEA01314FF4801C61
:1001D0004CEA113102D0404261EB410113F0004F73
:1001E0004FEA03334CEA133302D0524263EB43032A
:1001F00094EA050F00F0A780A4F10104D5F1200EC8
:100200000DDB02FA0EFC22FA05F2801841F1000122
:1002100003FA0EF2801843FA05F359410EE0A5F1F6
:1002200020050EF1200E012A03FA0EFC28BF4CF027
:10023000020C43FA05F3C01851EBE37101F00045DD
:1002400007D54FF0000EDCF1000C7EEB00006EEBEA
:100250000101B1F5801F1BD3B1F5001F0CD3490874
:100260005FEA30004FEA3C0C04F101044FEA4452CB
:1002700012F5800F80F09A80BCF1004F08BF5FEA52
:10028000500C50F1000041EB045141EA050130BD32
:100290005FEA4C0C404141EB0101013C28BFB1F544
:1002A000801FE9D291F0000F04BF01460020B1FA8F
:1002B00081F308BF2033A3F10B03B3F120020CDA62
:1002C0000C3208DD02F1140CC2F10C0201FA0CF040
:1002D00021FA02F10CE002F11402D8BFC2F1200CA5
:1002E00001FA02F120FA0CFCDCBF41EA0C0190405B
:1002F000E41AA2BF01EB0451294330BD6FEA0404A4
:100300001F3C1CDA0C340EDC04F11404C4F120028E
:1003100020FA04F001FA02F340EA030021FA04F3A0
:1003200045EA030130BDC4F10C04C4F1200220FAF7
:1003300002F001FA04F340EA0300294630BD21FA35
:1003400004F0294630BD94F0000F83F4801306BFFB
:1003500081F480110134013D4EE77FEA645C18BFEF
:100360007FEA655C29D094EA050F08BF90EA020F86
:1003700005D054EA000C04BF1946104630BD91EA7E
:10038000030F1EBF0021002030BD5FEA545C05D181
:100390004000494128BF41F0004130BD14F58004C0
:1003A0003CBF01F5801130BD01F0004545F0FE4134
:1003B00041F470014FF0000030BD7FEA645C1ABF69
:1003C000194610467FEA655C1CBF0B46024650EAA0
:1003D000013406BF52EA033591EA030F41F40021CC
:1003E00030BD00BF90F0000F04BF0021704730B552
:1003F0004FF4806404F132044FF000054FF0000127
:1004000050E700BF90F0000F04BF0021704730B5E7
:100410004FF4806404F1320410F0004548BF4042BC
:100420004FF000013EE700BF42004FEAE2014FEA11
:1004300031014FEA02701FBF12F07F4393F07F4FEC
:1004400081F06051704732F07F4208BF704793F0EF
:100450007F4F04BF41F40021704730B54FF4607402
:1004600001F0004521F000411CE700BF50EA010205
:1004700008BF704730B54FF000050AE050EA0102AE
:1004800008BF704730B511F0004502D5404261EB1E
:1004900041014FF4806404F132045FEA915C3FF45F
:1004A000D8AE4FF003025FEADC0C18BF03325FEAFC
:1004B000DC0C18BF033202EBDC02C2F1200300FAAD
:1004C00003FC20FA02F001FA03FE40EA0E0021FAD2
:1004D00002F11444BDE600BF70B54FF0FF0C4CF4C0
:1004E000E06C1CEA11541DBF1CEA135594EA0C0F72
:1004F00095EA0C0F00F0DEF82C4481EA030621EAAD
:100500004C5123EA4C5350EA013518BF52EA0335E7
:1005100041F4801143F4801338D0A0FB02CE4FF099
:100520000005E1FB02E506F00042E0FB03E54FF0C9
:100530000006E1FB03569CF0000F18BF4EF0010EC1
:10054000A4F1FF04B6F5007F64F5407404D25FEABD
:100550004E0E6D4146EB060642EAC62141EA555170
:100560004FEAC52040EA5E504FEACE2EB4F1FD0CB2
:1005700088BFBCF5E06F1ED8BEF1004F08BF5FEA30
:10058000500E50F1000041EB045170BD06F00046E2
:1005900046EA010140EA020081EA0301B4EB5C048F
:1005A000C2BFD4EB0C0541EA045170BD41F4801187
:1005B0004FF0000E013C00F3AB8014F1360FDEBFAC
:1005C000002001F0004170BDC4F10004203C35DA88
:1005D0000C341BDC04F11404C4F1200500FA05F30B
:1005E00020FA04F001FA05F240EA020001F00042AC
:1005F00021F0004110EBD37021FA04F642EB060122
:100600005EEA430E08BF20EAD37070BDC4F10C044B
:10061000C4F1200500FA04F320FA05F001FA04F20F
:1006200040EA020001F0004110EBD37041F10001FB
:100630005EEA430E08BF20EAD37070BDC4F1200506
:1006400000FA05F24EEA020E20FA04F301FA05F26E
:1006500043EA020321FA04F001F0004121FA04F216
:1006600020EA020000EBD3705EEA430E08BF20EAE6
:10067000D37070BD94F0000F0FD101F00046400020
:1006800041EB010111F4801F08BF013CF7D041EAA2
:10069000060195F0000F18BF704703F000465200A6
:1006A00043EB030313F4801F08BF013DF7D043EA77
:1006B0000603704794EA0C0F0CEA135518BF95EA2D
:1006C0000C0F0CD050EA410618BF52EA4306D1D1B4
:1006D00081EA030101F000414FF0000070BD50EAD3
:1006E000410606BF1046194652EA430619D094EA5D
:1006F0000C0F02D150EA013613D195EA0C0F05D147
:1007000052EA03361CBF104619460AD181EA03019A
:1007100001F0004141F0FE4141F470014FF0000052
:1007200070BD41F0FE4141F4780170BD70B54FF0ED
:10073000FF0C4CF4E06C1CEA11541DBF1CEA13556D
:1007400094EA0C0F95EA0C0F00F0A7F8A4EB05044F
:1007500081EA030E52EA03354FEA013100F0888046
:100760004FEA03334FF0805545EA131343EA12630F
:100770004FEA022245EA111545EA10654FEA0026C4
:100780000EF000419D4208BF964244F1FD0404F57D
:10079000407402D25B084FEA3202B61A65EB0305D9
:1007A0005B084FEA32024FF480104FF4002CB6EB96
:1007B000020E75EB030E22BFB61A754640EA0C0016
:1007C0005B084FEA3202B6EB020E75EB030E22BF56
:1007D000B61A754640EA5C005B084FEA3202B6EB97
:1007E000020E75EB030E22BFB61A754640EA9C0056
:1007F0005B084FEA3202B6EB020E75EB030E22BF26
:10080000B61A754640EADC0055EA060E18D04FEAE3
:10081000051545EA16754FEA06164FEAC30343EA83
:1008200052734FEAC2025FEA1C1CC0D111F4801F50
:100830000BD141EA00014FF000004FF0004CB6E749
:1008400011F4801F04BF01430020B4F1FD0C88BFE8
:10085000BCF5E06F3FF6AFAEB5EB030C04BFB6EBF3
:10086000020C5FEA500C50F1000041EB045170BDE6
:100870000EF0004E4EEA113114EB5C04C2BFD4EB13
:100880000C0541EA045170BD41F480114FF0000E97
:10089000013C90E645EA060E8DE60CEA135594EA13
:1008A0000C0F08BF95EA0C0F3FF43BAF94EA0C0F16
:1008B0000AD150EA01347FF434AF95EA0C0F7FF48B
:1008C00025AF104619462CE795EA0C0F06D152EADF
:1008D00003353FF4FDAE1046194622E750EA4106C3
:1008E00018BF52EA43067FF4C5AE50EA41047FF4D4
:1008F0000DAF52EA43057FF4EBAE12E74FF0FF3C39
:1009000006E000BF4FF0010C02E000BF4FF0010C09
:100910004DF804CD4FEA410C7FEA6C5C4FEA430C82
:1009200018BF7FEA6C5C1BD001B050EA410C0CBFD1
:1009300052EA430C91EA030F02BF90EA020F002033
:10094000704710F1000F91EA030F58BF994208BF9A
:1009500090422CBFD8176FEAE37040F00100704757
:100960004FEA410C7FEA6C5C02D150EA013C07D1AE
:100970004FEA430C7FEA6C5CD6D152EA033CD3D0F9
:100980005DF8040B704700BF8446104662468C46F3
:100990001946634600E000BF01B5FFF7B7FF002826
:1009A00048BF10F1000F01BD4DF808EDFFF7F4FF4F
:1009B0000CBF012000205DF808FB00BF4DF808EDDA
:1009C000FFF7EAFF34BF012000205DF808FB00BFFD
:1009D0004DF808EDFFF7E0FF94BF012000205DF81F
:1009E00008FB00BF4DF808EDFFF7CEFF94BF0120D4
:1009F00000205DF808FB00BF4DF808EDFFF7C4FFCD
:100A000034BF012000205DF808FB00BF4FEA410C15
:100A10007FEA6C5C02D150EA013C0AD14FEA430CF8
:100A20007FEA6C5C02D152EA033C02D14FF0000035
:100A300070474FF0010070474FEA410212F5001273
:100A400015D211D56FF47873B3EB625212D94FEA15
:100A5000C12343F0004343EA505311F0004F23FAFF
:100A600002F018BF404270474FF00000704750EA54
:100A7000013005D111F0004008BF6FF00040704711
:100A80004FF00000704700BF80B400AF00BF074BBD
:100A90001B7883F00103DBB2002BF8D1034B00225B
:100AA0001A7001231846BD4680BC70470D05002012
:100AB00080B400AF00BF074B1B7883F00103DBB2AB
:100AC000002BF8D1034B00221A7001231846BD46B3
:100AD00080BC70470D05002080B582B000AF034692
:100AE000FB71FB79002B0CD100224FF400411F4811
:100AF00002F064FA00224FF480711D4802F05EFAA1
:100B00002EE0FB79012B0CD101224FF40041174854
:100B100002F054FA00224FF48071154802F04EFAA8
:100B20001EE0FB79022B0CD100224FF400410F484C
:100B300002F044FA01224FF480710D4802F03EFAAF
:100B40000EE0FB79032B0BD101224FF40041074843
:100B500002F034FA01224FF48071054802F02EFAB7
:100B6000FB7918460837BD4680BD00BF000C014028
:100B70000008014080B586B000AF0346FB8000232B
:100B8000FB750023BB75C0233B7300237B730223DB
:100B9000BB73FB7DFB73BB7D3B744FF6FF73BB8266
:100BA000FB881B0A9BB2DAB2BB8ADBB21340FB752F
:100BB000FB88DAB2BB8ADBB21340BB75FB7DFB73EB
:100BC000BB7D3B7407F10C014FF47A730522064894
:100BD00004F0AEFAFFF76CFF044AFB88138000BFF5
:100BE0001837BD4680BD00BF74030020F801002007
:100BF00080B584B000AF0346FB710B46BB71134652
:100C00007B710023FB73C0233B7202237B720123A1
:100C1000BB72FB7BFB72FB79002B36D0FB79012B7F
:100C200004D1FB7B43F02003FB732EE0FB79022B06
:100C300004D1FB7B43F04003FB7326E0FB79032BDD
:100C400004D1FB7B43F06003FB731EE0FB79042BB4
:100C500004D1FB7B63F07F03FB7316E0FB79052B6C
:100C600004D1FB7B63F05F03FB730EE0FB79062B83
:100C700004D1FB7B63F03F03FB7306E0FB79072B9A
:100C800003D1FB7B63F01F03FB73BB79002B16D0F2
:100C9000BB79012B04D1FB7B63F07F03FB730EE078
:100CA000BB79022B04D1FB7B43F01003FB7306E0FE
:100CB000BB79032B03D1FB7B43F01803FB737B79D8
:100CC000002B36D07B79012B04D1FB7B43F0010351
:100CD000FB732EE07B79022B04D1FB7B43F00203F4
:100CE000FB7326E07B79032B04D1FB7B43F00303EA
:100CF000FB731EE07B79042B04D1FB7B43F00403E0
:100D0000FB7316E07B79052B04D1FB7B43F00503D5
:100D1000FB730EE07B79062B04D1FB7B43F00603CB
:100D2000FB7306E07B79072B03D1FB7B43F00703C2
:100D3000FB73FB7BFB7207F108014FF47A7304220B
:100D4000054804F0F5F9FFF7B3FE044AFB7B937006
:100D500000BF1037BD4680BD74030020F80100209D
:100D600080B584B000AF0346FB710B46BB711346E0
:100D70007B710023FB73C0233B7203237B7201232F
:100D8000BB72FB7BFB72FB79002B16D0FB79012B2E
:100D900004D1FB7B43F04003FB730EE0FB79022B95
:100DA00004D1FB7B63F07F03FB7306E0FB79032B2D
:100DB00003D1FB7B63F03F03FB73BB79002B03D0B4
:100DC000FB7B43F02003FB737B79002B16D07B79F0
:100DD000012B04D1FB7B43F00103FB730EE07B7915
:100DE000022B04D1FB7B43F00203FB7306E07B790B
:100DF000032B03D1FB7B43F00303FB73FB7BFB72F1
:100E000007F108014FF47A730422064804F090F9C0
:100E1000FFF74EFE044AFB7BD37000BF1037BD4680
:100E200080BD00BF74030020F801002080B584B0AD
:100E300000AF0346FB710023FB73C0233B72042306
:100E40007B720123BB72FB7BFB72FA7BFB79134342
:100E5000FB73FB7BFB7207F108014FF47A730422EA
:100E6000054804F065F9FFF723FE044AFB7B137184
:100E700000BF1037BD4680BD74030020F80100207C
:100E800090B585B000AF0446084611461A46234681
:100E9000FB710346BB710B467B7113463B7100230C
:100EA000FB73C0233B7205237B720123BB72FB7B68
:100EB000FB72FB7983F00103DBB2002B03D1FB7BD8
:100EC00063F07F03FB73BB79002B03D0FB7B43F004
:100ED0004003FB737B7983F00103DBB2002B03D16A
:100EE000FB7B43F01003FB733B79002B36D03B793F
:100EF000012B04D1FB7B43F00103FB732EE03B7914
:100F0000022B04D1FB7B43F00203FB7326E03B7909
:100F1000032B04D1FB7B43F00303FB731EE03B79FF
:100F2000042B04D1FB7B43F00403FB7316E03B79F5
:100F3000052B04D1FB7B43F00503FB730EE03B79EB
:100F4000062B04D1FB7B43F00603FB7306E03B79E1
:100F5000072B03D1FB7B43F00703FB73FB7BFB7287
:100F600007F108014FF47A730422064804F0E0F810
:100F7000FFF79EFD044AFB7B537100BF1437BD464B
:100F800090BD00BF74030020F801002080B586B03A
:100F900000AF0346FB800023FB750023BB75C02315
:100FA0003B7306237B730223BB73FB7DFB73BB7D0B
:100FB0003B744FF6FF73BB82FB881B0A9BB2DAB20D
:100FC000BB8ADBB21340FB75FB88DAB2BB8ADBB2AB
:100FD0001340BB75FB7DFB73BB7D3B7407F10C01BC
:100FE0004FF47A730522064804F0A2F8FFF760FD7B
:100FF000044AFB88D38000BF1837BD4680BD00BFC0
:1010000074030020F801002080B586B000AF0346CD
:10101000FB800B467B7113463B7107F108030022EE
:101020001A605A609A60DA60FB883B810323BB72C6
:101030000023FB7200233B7300237B730023BB73ED
:101040000023FB737B793B743B797B740123BB7476
:101050000023FB7400233B750023FB823B89184669
:10106000FFF788FD1E2001F041FCBB7AF97A3A7B3C
:101070001846FFF7BDFD1E2001F038FC7B7BB97BD5
:10108000FA7B1846FFF76CFE1E2001F02FFC3B7C1C
:101090001846FFF7CBFE1E2001F028FC787CB97CB7
:1010A000FA7C3B7DFFF7ECFE1E2001F01FFCFB8A63
:1010B0001846FFF76BFF1E2001F018FC00BF183721
:1010C000BD4680BD80B586B000AF3A601A46034683
:1010D000FB800B467B7113463B710023FB7500239D
:1010E000FB730023BB734FF6FF73BB81FB881B0AA6
:1010F0009BB2DAB2BB89DBB21340FB73FB88DAB276
:10110000BB89DBB21340BB73174AFB7B1370164AD3
:10111000BB7B5370144A7B79937000233B6112E0D0
:101120003B69022B09DD3B69033B3A68134419789C
:101130000D4A3B6913440A461A70FB7D0133FB7567
:101140003B6901333B613B7902333A699A42E7DDFF
:10115000FB7D9AB24FF47A730349044803F0E8FF29
:1011600000BF1837BD4680BD000200207403002078
:1011700090B484B000AF3C1D84E80700FB70084BBE
:101180001C463B1D93E8070084E80700054AFB78EE
:101190001370044B1B7818461037BD4690BC70473F
:1011A000C8020020D402002080B584B002AF01F054
:1011B0003BFB00F07FF800F0DBF900F085F900F070
:1011C000ADF900F0BDF800F0E9F801F02DFB00F0FA
:1011D00071F800F099FA00F0A3FA00F025FB012263
:1011E0002D492E4804F02FF82D4B1B78002B4BD0A7
:1011F00003237B710023FB71FF23BB71294B1B78F9
:10120000022B2ED97B79284AD35CBB71254B1B78E6
:10121000052B1BD17B790133234AD35C3B717B794E
:101220000233214AD35CFB70BB79012B05D0BB791B
:10123000022B02D00123FB7115E0FB78032B12D0A7
:10124000FB78042B0FD00223FB710CE0154B1B78AD
:10125000042B08D0134B1B78062B04D00323FB71FF
:1012600001E00423FB71B979FB790093002300228C
:101270000E4800F0FDFABA79FB791146184600F0E5
:1012800081FB074B00221A70094B1B78002BABD057
:10129000074B00221A70A7E70904002074030020FE
:1012A0000C050020080400200C040020A08A00087F
:1012B0000D05002080B590B000AF07F1180328227B
:1012C0000021184605F007FB3B1D00221A605A60FA
:1012D0009A60DA601A610123BB614FF48033FB61CD
:1012E00000233B620123BB6202237B634FF4803304
:1012F000BB634FF4E013FB6307F11803184602F0D9
:1013000071FC0346002B01D000F028FD0F237B6009
:101310000223BB600023FB604FF480633B614FF40A
:1013200080637B613B1D0221184602F0DDFE03460F
:10133000002B01D000F012FD00BF4037BD4680BD3C
:1013400080B500AF124B134A1A60114B124A5A6013
:101350000F4B00229A600E4B0022DA600C4B4FF4C8
:1013600080421A610A4B00225A61094B00229A619D
:10137000074B0022DA61064B00221A62044801F092
:1013800067FE0346002B01D000F0E8FC00BF80BDE3
:10139000D802002000540040A086010080B58EB025
:1013A00000AF07F1280300221A605A609A60DA60E1
:1013B00007F1200300221A605A603B1D00221A60C8
:1013C0005A609A60DA601A615A619A613D4B4FF037
:1013D00080421A603B4B47225A603A4B00229A6087
:1013E000384B40F2E732DA60364B00221A61354B57
:1013F00000229A61334803F005F80346002B01D020
:1014000000F0ACFC4FF48053BB6207F1280319468F
:101410002C4803F067FA0346002B01D000F09EFC35
:10142000284803F03EF80346002B01D000F096FC5C
:1014300000233B6200237B6207F120031946214809
:1014400003F0C8FD0346002B01D000F087FC6023A9
:101450007B600023BB600023FB6000237B613B1D9E
:1014600000221946174803F07BF90346002B01D0F0
:1014700000F074FC3B1D04221946124803F070F979
:101480000346002B01D000F069FC3B1D08221946E1
:101490000C4803F065F90346002B01D000F05EFC18
:1014A0003B1D0C221946074803F05AF90346002B4E
:1014B00001D000F053FC034800F0B0FF00BF383704
:1014C000BD4680BD2C03002080B500AF114B124AF1
:1014D0001A60104B4FF416525A600E4B00229A605D
:1014E0000C4B0022DA600B4B00221A61094B0C22D4
:1014F0005A61084B00229A61064B0022DA610548C6
:1015000003F0C6FD0346002B01D000F027FC00BF0E
:1015100080BD00BF740300200038014080B500AFDB
:10152000114B124A1A60104B4FF416525A600E4B70
:1015300000229A600C4B0022DA600B4B00221A61E9
:10154000094B0C225A61084B00229A61064B00227B
:10155000DA61054803F09CFD0346002B01D000F042
:10156000FDFB00BF80BD00BFBC0300200048004061
:1015700080B588B000AF07F1100300221A605A60EE
:101580009A60DA605B4B9B695A4A43F0100393619F
:10159000584B9B6903F01003FB60FB68554B9B693C
:1015A000544A43F020039361524B9B6903F020039C
:1015B000BB60BB684F4B9B694E4A43F00403936189
:1015C0004C4B9B6903F004037B607B68494B9B6930
:1015D000484A43F008039361464B9B6903F00803B4
:1015E0003B603B6800224FF40051434801F0E6FCA9
:1015F00000224FF48871414801F0E0FC002248F2DB
:1016000001013F4801F0DAFC4FF400533B61012334
:101610007B610023BB610223FB6107F110031946C4
:10162000354801F047FB10233B6101237B61002318
:10163000BB610223FB6107F1100319462F4801F03B
:1016400039FB01233B6101237B610023BB61022342
:10165000FB6107F110031946294801F02BFB022317
:101660003B6100237B610123BB6107F11003194635
:10167000234801F01FFB4FF400433B6101237B61D2
:101680000223BB610223FB6107F1100319461C48CA
:1016900001F010FB4FF480733B6101237B61022357
:1016A000BB610223FB6107F110031946134801F0E7
:1016B00001FB4FF400733B61124B7B610123BB6163
:1016C00007F1100319460E4801F0F4FA0022002138
:1016D000172001F006FA172001F01FFA002200215E
:1016E000172001F0FEF9172001F017FA00BF20378C
:1016F000BD4680BD001002400010014000080140BE
:10170000000C01400000211080B500AFFFF730FF52
:10171000FFF7DAFEFFF702FFFFF712FE00BF80BD02
:1017200080B500AF01224FF400513D4801F046FC66
:101730000320FFF7D1F9FFF7A7F900224FF400517A
:10174000374801F03BFC4FF4FA7001F0CFF801226A
:101750004FF40051324801F031FC00224FF40051A7
:101760002F4801F02BFC4FF4FA7001F0BFF8012272
:101770004FF400512A4801F021FC00224FF400519F
:10178000274801F01BFC4FF4FA7001F0AFF801227A
:101790004FF40051224801F011FC00224FF4005197
:1017A0001F4801F00BFC4FF4FA7001F09FF8012282
:1017B0004FF400511A4801F001FC1A4A002307CAED
:1017C000FFF7D6FC174B01225A80164B02225A72A1
:1017D000144B03221A80134B04221A72114B1B88DC
:1017E000104A117A00221846FFF70EFC4FF4FA70E7
:1017F00001F07CF800224FF40051094801F0DEFBB3
:101800004FF4FA7001F072F801224FF400510448CD
:1018100001F0D4FB0020FFF75FF900BF80BD00BFDF
:10182000001001401005002080B500AF00F09CFAC8
:101830000021002000F014FC0A490B4804F0E6FFE8
:1018400001220A49084800F09FFC00F051FB4FF4C8
:101850007A7001F04BF8002000F07CFB00F048FBB0
:1018600000BF80BDA88A00081C05002000000020E1
:1018700080B58CB002AF7860084611461A46034620
:10188000FB700B46BB7013467B70002000F062FBC0
:1018900097F83030002B18D1BB789BB27A7892B28F
:1018A0001146184600F0DCFBFB7807F108000093B6
:1018B0007B682D4A1E2104F073FF07F10803012203
:1018C0002A49184600F060FC48E00021002000F0A2
:1018D000C7FB97F83030012B07D107F10803244AE2
:1018E0001E21184604F05CFF1EE097F83030022BF2
:1018F00007D107F108031F4A1E21184604F050FFC4
:1019000012E097F83030032B07D107F108031A4A89
:101910001E21184604F044FF06E007F10803174AA9
:101920001E21184604F03CFF07F1080301220F496D
:10193000184600F029FC0F21002000F091FB97F8D9
:10194000303007F108000E4A1E2104F029FF07F18C
:10195000080301220549184600F016FC00F0C8FAF9
:1019600000BF2837BD4680BDB48A000800000020B3
:10197000BC8A0008C88A0008D48A0008E08A0008E7
:10198000EC8A000880B584B000AF03460A46FB71BC
:101990001346BB7101233B7201237B720323BB728D
:1019A0000123FB72FB793B73BB797B73BB23BB7356
:1019B000BB23FB73064B5888054B597A07F1080285
:1019C0000823FFF77FFB00BF1037BD4680BD00BF77
:1019D0001005002080B582B000AF78604FF4005150
:1019E0006E4801F003FB7B686D4A934240F0D28061
:1019F0006C4B1B78052B00F2C18001A252F823F03A
:101A0000191A0008471A0008751A0008BD1A0008BC
:101A1000231B0008511B0008634B1B78012B40F06F
:101A2000B180624B00221A80604B1B885A1C91B215
:101A30005E4A11801A465C4B19785D4B9954594B9C
:101A400001221A709EE0584B1B78012B0ED1574B88
:101A50001B885A1C91B2554A11801A46524B19786C
:101A6000534B99544F4B02221A708EE04D4B00227B
:101A70001A708AE04C4B1A784E4B1A704D4B1B78FB
:101A8000032B04D14FF40051444801F0AFFA494B05
:101A90001B78FB2B03D9434B00221A7075E0434B94
:101AA0001B885A1C91B2414A11801A463E4B197844
:101AB0003F4B99543B4B03221A7066E03B4B1B880B
:101AC0005A1C91B2394A11801A46374B1978384B53
:101AD0009954364B1B88033B364A1278934202D105
:101AE000304B04221A70314B1B88033B032B10D060
:101AF000032B49DC012B02D0022B05D044E02A4BFA
:101B00001A782D4B1A700BE0274B1A782A4B5A7013
:101B100006E0254B1A78284B9A7000F081F800BF38
:101B200032E0214B1B78BB2B0ED1204B1B885A1C5B
:101B300091B21E4A11801A461B4B19781C4B9954BE
:101B4000184B05221A7020E0164B00221A701CE078
:101B5000154B1B78BB2B0DD1144B1B885A1C91B213
:101B6000124A11801A46104B1978114B9954134B95
:101B700001221A700B4B00221A7006E0094B00225A
:101B80001A7002E000BF00E000BF012206490448CD
:101B900003F059FB00BF0837BD4680BD001001406F
:101BA000740300200404002009040020060400201F
:101BB0000C040020080400203C0500200C05002037
:101BC00080B584B000AF78607B68094A93420BD13E
:101BD000074803F003FEF860FB68082B04D10122DC
:101BE0000449034803F02FFB00BF1037BD4680BDFA
:101BF000740300200904002080B483B000AF0346C2
:101C0000FB80FB88B3F5007F02D1044B01221A70E0
:101C100000BF0C37BD4680BC704700BF0D050020DB
:101C200080B500AF4A4B1B78012B45D100214948B4
:101C300002F032FD0421474802F02EFD08214548FC
:101C400002F02AFD0C21434802F026FD404B5B7850
:101C5000012B16D100213F4802F07CFC04213D48B5
:101C600002F01AFD3A4B9B781A46920013445B002F
:101C70009AB2394B1A80384B1A88364B1B685A6314
:101C800063E0334B5B78022B5FD10421314802F0D3
:101C900061FC00212F4802F0FFFC2D4B9B781A4677
:101CA000920013445B009AB22B4B1A802A4B1A887D
:101CB000284B1B689A6348E0254B1B78022B44D1C4
:101CC0000021244802F0E8FC0421224802F0E4FC50
:101CD0000821204802F0E0FC0C211E4802F0DCFC48
:101CE0001B4B5B78012B16D10C211A4802F032FCF9
:101CF0000821184802F0D0FC154B9B781A46920038
:101D000013445B009AB2144B1A80134B1A88114B80
:101D10001B681A6419E00E4B5B78022B15D1082161
:101D20000C4802F017FC0C210A4802F0B5FC084BE5
:101D30009B781A46920013445B009AB2064B1A80B5
:101D4000054B1A88034B1B68DA6300BF80BD00BFD8
:101D50003C0500202C0300203A05002080B400AF91
:101D600072B600BF00BFFDE780B582B000AF00F0E3
:101D700031FA44F62063012278215B4801F0AAFB86
:101D80000346002B01D00023A9E040F6C4137B607A
:101D900002E07B68013B7B607B68002BF9D1AE22BF
:101DA0000021782000F090FA20220021782000F015
:101DB0008BFA10220021782000F086FAB022002150
:101DC000782000F081FAC8220021782000F07CFA07
:101DD00000220021782000F077FA102200217820DC
:101DE00000F072FA40220021782000F06DFA812282
:101DF0000021782000F068FAFF220021782000F00E
:101E000063FAA1220021782000F05EFAA6220021C8
:101E1000782000F059FAA8220021782000F054FA26
:101E20001F220021782000F04FFAA4220021782000
:101E300000F04AFAD3220021782000F045FA00226F
:101E40000021782000F040FAD5220021782000F00F
:101E50003BFAF0220021782000F036FAD922002146
:101E6000782000F031FA22220021782000F02CFAAC
:101E7000DA220021782000F027FA022200217820BF
:101E800000F022FADB220021782000F01DFA202247
:101E90000021782000F018FA8D220021782000F02F
:101EA00013FA14220021782000F00EFAAF2200214C
:101EB000782000F009FA2E220021782000F004FAA0
:101EC000002000F047F800F013F8084B00221A80B9
:101ED000064B00225A80054B01225A7101231846F5
:101EE0000837BD4680BD00BFD8020020E4060020B0
:101EF00080B582B000AF0023FB7121E0FB79503B3D
:101F0000DBB21A460021782000F0DEF90022002121
:101F1000782000F0D9F910220021782000F0D4F9BF
:101F2000FA791346DB009B1A1A01D31A084A1A449D
:101F300069234021782000F061F9FB790133FB71BE
:101F4000FB79072BDAD900BF00BF0837BD4680BD3B
:101F50004005002080B582B000AF0346FB71FB79DD
:101F6000002B01D1002300E0FF234FF4D272194669
:101F7000034804F0B0FC00BF0837BD4680BD00BF79
:101F80004005002090B482B000AF0346FB800B46B2
:101F9000BB801346FB70FB88682B58D8BB881F2B6F
:101FA00055D82D4B1B79002B06D0FB78002B0CBF8E
:101FB00001230023DBB2FB70FB78012B22D1FA88CE
:101FC000BB88DB0898B201460B46DB005B1A19019F
:101FD000CB1A1344214AD35C5AB2BB8803F00703DF
:101FE000012101FA03F35BB213435CB2FA880146A4
:101FF0000B46DB005B1A1901CB1A1344E1B2174AF6
:10200000D15425E0FA88BB88DB0898B201460B461C
:10201000DB005B1A1901CB1A1344104AD35C5AB285
:10202000BB8803F00703012101FA03F35BB2DB4332
:102030005BB213405CB2FA8801460B46DB005B1AC8
:102040001901CB1A1344E1B2044AD15400E000BF95
:102050000837BD4690BC7047E406002040050020CC
:1020600080B483B000AF03460A46FB801346BB80B2
:10207000054AFB881380044ABB88538000BF0C3795
:10208000BD4680BC704700BFE406002080B586B026
:1020900000AF03463960FB711346BB71394B1B8897
:1020A0001A463B681B781344682B07DC354B5B886A
:1020B0001A463B685B7813441F2B01DD00235DE06B
:1020C00000237B614BE03B685A68FB79203B396811
:1020D000497801FB03F319467B690B445B00134409
:1020E0001B88FB6000233B6130E0FA683B6902FA21
:1020F00003F303F40043002B10D0224B1A883B69F2
:102100009BB2134498B21F4B5A887B699BB213440D
:102110009BB2BA791946FFF735FF14E0194B1A88BC
:102120003B699BB2134498B2164B5A887B699BB2A9
:10213000134499B2BB79002B0CBF01230023DBB2FF
:102140001A46FFF71FFF3B6901333B613B681B7871
:102150001A463B699342C8D37B6901337B613B6874
:102160005B781A467B699342ADD3064B1B883A686D
:10217000127813449AB2034B1A80FB791846183729
:10218000BD4680BDE406002080B584B000AFF86095
:10219000B9601346FB7112E0FB681B78FA79B968E5
:1021A0001846FFF773FF03461A46FB681B789A42EE
:1021B00002D0FB681B7808E0FB680133FB60FB681A
:1021C0001B78002BE8D1FB681B7818461037BD46FA
:1021D00080BD000080B483B000AF074B7B6002E09D
:1021E0007B68013B7B607B68002BF9D100BF00BF9F
:1021F0000C37BD4680BC704790D0030090B5C7B087
:1022000002AF0446084607F58871A1F588710A6097
:10221000194607F58873A3F2091322461A7007F5C9
:102220008873A3F5857302461A7007F58873A3F5C2
:1022300086730A461A8007F58873A3F5827307F53B
:102240008872A2F5857212781A70002387F80F3110
:1022500015E097F80F3107F58872A2F588721268B9
:102260001A4497F80F310133117807F58872A2F5F7
:102270008272D15497F80F31013387F80F3197F8F4
:102280000F319BB207F58872A2F5867212889A42C6
:10229000DFD807F58873A3F209131B7899B207F505
:1022A0008873A3F586731B8801339BB207F10C0278
:1022B0000A200090034801F00FF800BF07F58A7765
:1022C000BD4690BDD802002080B586B002AF03465F
:1022D000FB710B46BB7113467B71BB793B737B79FA
:1022E0007B73FB7999B207F10C020A230093022356
:1022F000034800F0F1FF00BF1037BD4680BD00BFAE
:10230000D802002080B485B000AF154B9B69144AF9
:1023100043F001039361124B9B6903F00103BB601F
:10232000BB680F4BDB690E4A43F08053D3610C4B03
:10233000DB6903F080537B607B680A4B5B68FB6062
:10234000FB6823F0E063FB60FB6843F00073FB6015
:10235000044AFB68536000BF1437BD4680BC704719
:10236000001002400000014080B588B000AF7860E6
:1023700007F1100300221A605A609A60DA607B68E5
:102380001B68154A934223D1144B9B69134A43F0AF
:1023900008039361114B9B6903F00803FB60FB6822
:1023A000C0233B6112237B610323FB6107F1100310
:1023B00019460B4800F07EFC084BDB69074A43F4E2
:1023C0000013D361054BDB6903F40013BB60BB68EA
:1023D00000BF2037BD4680BD0054004000100240C1
:1023E000000C014080B485B000AF78607B681B684A
:1023F000B3F1804F0BD1084BDB69074A43F001036F
:10240000D361054BDB6903F00103FB60FB6800BF90
:102410001437BD4680BC70470010024080B588B0BC
:1024200000AF786007F1100300221A605A609A60CA
:10243000DA607B681B68B3F1804F17D10D4B9B6945
:102440000C4A43F0040393610A4B9B6903F00403B5
:10245000FB60FB680F233B6102237B610223FB616E
:1024600007F110031946044800F024FC00BF203790
:10247000BD4680BD001002400008014080B58AB012
:1024800000AF786007F1180300221A605A609A6062
:10249000DA607B681B68404A93423AD13F4B9B69A4
:1024A0003E4A43F4804393613C4B9B6903F4804371
:1024B0007B617B69394B9B69384A43F00403936124
:1024C000364B9B6903F004033B613B694FF4007397
:1024D000BB610223FB6103237B6207F118031946EA
:1024E0002F4800F0E7FB4FF48063BB610023FB61E2
:1024F00000233B6207F118031946294800F0DAFB74
:1025000000220021252000F0ECFA252000F005FB38
:102510003EE07B681B68234A934239D11F4BDB693D
:102520001E4A43F48023D3611C4BDB6903F48023F0
:10253000FB60FB68194B9B69184A43F008039361E1
:10254000164B9B6903F00803BB60BB684FF48063C4
:10255000BB610223FB6103237B6207F11803194669
:10256000114800F0A7FB4FF40063BB610023FB613F
:1025700000233B6207F1180319460B4800F09AFB51
:1025800000220021272000F0ACFA272000F0C5FA35
:1025900000BF2837BD4680BD003801400010024012
:1025A0000008014000480040000C014080B400AF2A
:1025B00000BFFDE780B400AF00BFFDE780B400AF0F
:1025C00000BFFDE780B400AF00BFFDE780B400AFFF
:1025D00000BFFDE780B400AF00BFBD4680BC7047C0
:1025E00080B400AF00BFBD4680BC704780B400AF70
:1025F00000BFBD4680BC704780B500AF044B1B6870
:102600000133034A136000F055F900BF80BD00BFDD
:10261000EC06002080B500AF4FF4007000F000FD24
:1026200000BF80BD80B500AF024802F031FE00BFA0
:1026300080BD00BF7403002080B500AF024802F0E7
:1026400027FE00BF80BD00BFBC03002080B400AFE8
:1026500001231846BD4680BC704780B582B000AFEC
:102660007860396004F08AF9034616221A604FF048
:10267000FF3318460837BD4680BD80B582B000AF35
:1026800078604FF0FF317868FFF7E7FF00BFFDE7A4
:1026900080B586B000AFF860B9607A6000237B61D6
:1026A0000AE0AFF300800146BB685A1CBA60CAB2A8
:1026B0001A707B6901337B617A697B689A42F0DB2F
:1026C0007B6818461837BD4680BD80B586B000AF20
:1026D000F860B9607A6000237B6109E0BB685A1C2E
:1026E000BA601B781846AFF300807B6901337B61C9
:1026F0007A697B689A42F1DB7B6818461837BD46D9
:1027000080BD80B483B000AF78604FF0FF331846CF
:102710000C37BD4680BC704780B483B000AF786092
:1027200039603B684FF400525A60002318460C375A
:10273000BD4680BC704780B483B000AF7860012391
:1027400018460C37BD4680BC704780B485B000AFDA
:10275000F860B9607A60002318461437BD4680BC23
:102760007047000080B586B000AF7860144A154B02
:10277000D31A7B617B693B61134B1B68002B02D131
:10278000114B124A1A60104B1A687B6813443A695D
:102790009A4207D204F0F2F803460C221A604FF076
:1027A000FF3309E0084B1B68FB60074B1A687B6826
:1027B0001344054A1360FB6818461837BD4680BDB0
:1027C0000050002000040000F0060020480800200F
:1027D00080B400AF00BFBD4680BC7047FFF7F8FF74
:1027E0000B480C490C4A002302E0D458C45004336F
:1027F000C4188C42F9D3094A094C002301E0136044
:102800000432A242FBD304F0BFF8FEF7CDFC7047C0
:1028100000000020DC01002014960008DC010020EC
:1028200044080020FEE7000080B500AF084B1B689D
:10283000074A43F010031360032000F047F90F200C
:1028400000F008F8FFF75EFD0023184680BD00BFCA
:102850000020024080B582B000AF7860124B1A6849
:10286000124B1B7819464FF47A73B3FBF1F3B2FBAA
:10287000F3F3184600F05FF90346002B01D0012363
:102880000EE07B680F2B0AD8002279684FF0FF30EA
:1028900000F027F9064A7B681360002300E001235B
:1028A00018460837BD4680BD0800002010000020F3
:1028B0000C00002080B400AF054B1B781A46054B76
:1028C0001B681344034A136000BFBD4680BC7047B9
:1028D00010000020F406002080B400AF024B1B68FB
:1028E0001846BD4680BC7047F406002080B584B011
:1028F00000AF7860FFF7F0FFB8607B68FB60FB68B3
:10290000B3F1FF3F05D00A4B1B781A46FB6813440E
:10291000FB6000BFFFF7E0FF0246BB68D31AFA680E
:102920009A42F7D800BF00BF1037BD4680BD00BF38
:102930001000002080B485B000AF78607B6803F0A1
:102940000703FB600C4BDB68BB60BA684FF6FF0304
:102950001340BB60FB681A02BB68134343F0BF63BC
:1029600043F40033BB60044ABB68D36000BF143734
:10297000BD4680BC704700BF00ED00E080B400AFF2
:10298000044BDB681B0A03F007031846BD4680BCF6
:10299000704700BF00ED00E080B483B000AF034695
:1029A000FB7197F90730002B0BDBFB7903F01F025B
:1029B000064997F907305B09012000FA02F241F855
:1029C000232000BF0C37BD4680BC704700E100E00B
:1029D00080B483B000AF03463960FB7197F90730CC
:1029E000002B0ADB3B68DAB20C4997F90730120179
:1029F000D2B20B4483F800230AE03B68DAB20849FC
:102A0000FB7903F00F03043B1201D2B20B441A7698
:102A100000BF0C37BD4680BC704700BF00E100E03E
:102A200000ED00E080B489B000AFF860B9607A6072
:102A3000FB6803F00703FB61FB69C3F10703042B89
:102A400028BF0423BB61FB690433062B02D9FB6951
:102A5000033B00E000237B614FF0FF32BB6902FAC9
:102A600003F3DA43BB681A407B699A404FF0FF31A9
:102A70007B6901FA03F3D9437B680B401343184683
:102A80002437BD4680BC704780B582B000AF786007
:102A90007B68013BB3F1807F01D301230FE00A4A39
:102AA0007B68013B53600F214FF0FF30FFF790FF31
:102AB000054B00229A60044B07221A600023184637
:102AC0000837BD4680BD00BF10E000E080B582B091
:102AD00000AF78607868FFF72DFF00BF0837BD466C
:102AE00080BD80B586B000AF0346B9607A60FB73E5
:102AF00000237B61FFF742FF78617A68B9687869E3
:102B0000FFF790FF024697F90F3011461846FFF77E
:102B10005FFF00BF1837BD4680BD80B582B000AFF3
:102B20000346FB7197F907301846FFF735FF00BFE2
:102B30000837BD4680BD80B582B000AF7860786848
:102B4000FFF7A2FF034618460837BD4680BD80B494
:102B500085B000AF78600023FB737B6893F8213069
:102B6000DBB2022B08D07B6804229A637B680022C8
:102B700083F82020012320E07B681B681A687B68AB
:102B80001B6822F00E021A607B681B681A687B685B
:102B90001B6822F001021A607B681A6C7B68DB6B91
:102BA000012101FA02F25A607B68012283F8212098
:102BB0007B68002283F82020FB7B18461437BD4633
:102BC00080BC704780B584B000AF78600023FB7391
:102BD0007B6893F82130DBB2022B05D07B6804229E
:102BE0009A630123FB7351E07B681B681A687B685A
:102BF0001B6822F00E021A607B681B681A687B68EB
:102C00001B6822F001021A607B681B68224A93420B
:102C100029D07B681B68214A934222D07B681B68BD
:102C20001F4A93421AD07B681B681E4A934212D0F7
:102C30007B681B681C4A93420AD07B681B681B4A4E
:102C4000934202D14FF480130EE04FF080730BE0FB
:102C50004FF4803308E04FF4805305E04FF4807365
:102C600002E0102300E00123114A53607B68012237
:102C700083F821207B68002283F820207B685B6B2F
:102C8000002B03D07B685B6B78689847FB7B18460A
:102C90001037BD4680BD00BF080002401C00024046
:102CA0003000024044000240580002406C000240E4
:102CB0000000024080B48BB000AF78603960002320
:102CC0007B6200233B6269E101227B6A02FA03F323
:102CD000FB613B681B68FA691340BB61BA69FB6919
:102CE0009A4240F058813B685B689A4A93425ED0B2
:102CF000984A934275D8984A934258D0964A93423C
:102D00006FD8964A934252D0944A934269D8944AD3
:102D100093424CD0924A934263D8924A934246D00F
:102D2000904A93425DD8122B2AD8122B59D801A26F
:102D300052F823F0AF2D0008892D00089B2D0008C4
:102D4000DD2D0008E32D0008E32D0008E32D000829
:102D5000E32D0008E32D0008E32D0008E32D000813
:102D6000E32D0008E32D0008E32D0008E32D000803
:102D7000E32D0008E32D0008912D0008A52D000883
:102D8000794A934213D02CE03B68DB683B6229E030
:102D90003B68DB6804333B6224E03B68DB68083354
:102DA0003B621FE03B68DB680C333B621AE03B6828
:102DB0009B68002B02D104233B6213E03B689B68B5
:102DC000012B05D108233B627B68FA691A6109E08F
:102DD00008233B627B68FA695A6103E000233B6287
:102DE00000E000BFBB69FF2B01D87B6801E07B6876
:102DF00004337B61BB69FF2B02D87B6A9B0002E036
:102E00007B6A083B9B003B617B691A680F213B6929
:102E100001FA03F3DB431A40396A3B6901FA03F311
:102E20001A437B691A603B685B6803F08053002B90
:102E300000F0B1804D4B9B694C4A43F00103936114
:102E40004A4B9B6903F00103BB60BB68484A7B6A3D
:102E50009B08023352F82330FB607B6A03F00303C4
:102E60009B000F2202FA03F3DB43FA681340FB6076
:102E70007B68404A934213D07B683F4A93420DD00F
:102E80007B683E4A934207D07B683D4A934201D11A
:102E9000032306E0042304E0022302E0012300E010
:102EA00000237A6A02F0030292009340FA68134307
:102EB000FB602F497B6A9B080233FA6841F82320A4
:102EC0003B685B6803F48013002B06D02D4B9A6897
:102ED0002C49BB6913438B6006E02A4B9A68BB6997
:102EE000DB43284913408B603B685B6803F40013A5
:102EF000002B06D0234BDA682249BB691343CB6011
:102F000006E0204BDA68BB69DB431E491340CB6007
:102F10003B685B6803F40033002B06D0194B5A68FA
:102F20001849BB6913434B6006E0164B5A68BB69EE
:102F3000DB43144913404B603B685B6803F4803308
:102F4000002B21D00F4B1A680E49BB6913430B604D
:102F500021E000BF000032100000311000002210FC
:102F6000000021100000121000001110001002409B
:102F70000000014000080140000C01400010014029
:102F800000140140000401400B4B1A68BB69DB438D
:102F9000094913400B607B6A01337B623B681A6806
:102FA0007B6A22FA03F3002B7FF48EAE00BF00BFD2
:102FB0002C37BD4680BC70470004014080B483B00C
:102FC00000AF78600B467B8013467B707B78002BCC
:102FD00003D07A887B681A6103E07B881A047B68D7
:102FE0001A6100BF0C37BD4680BC704780B485B005
:102FF00000AF78600B467B807B68DB68FB607A887B
:10300000FB6813401A04FB68D9437B880B401A43C2
:103010007B681A6100BF1437BD4680BC7047000052
:1030200080B582B000AF0346FB80084B5A69FB882D
:103030001340002B06D0054AFB885361FB881846D5
:10304000FEF7DAFD00BF0837BD4680BD0004014031
:1030500080B584B000AF78607B68002B01D101237C
:103060002BE17B6893F83D30DBB2002B06D17B6807
:10307000002283F83C207868FFF776F97B682422E9
:1030800083F83D207B681B681A687B681B6822F008
:1030900001021A607B681B681A687B681B6842F42F
:1030A00000421A607B681B681A687B681B6822F400
:1030B00000421A6001F060F9F8607B685B68814A41
:1030C000934207D8FB68804A934294BF01230023B0
:1030D000DBB206E0FB687D4A934294BF01230023E4
:1030E000DBB2002B01D00123E7E0FB68784AA2FBAA
:1030F00003239B0CBB607B681B685B6823F03F016C
:103100007B681B68BA680A435A607B681B681B6A45
:1031100023F03F017B685B686A4A934202D8BB6830
:10312000013309E0BB684FF4967202FB03F3694A6E
:10313000A2FB03239B0901337A6812680B431362D5
:103140007B681B68DB6923F44F4222F0FF027B6837
:103150005B685C498B4219D8FB68591E7B685B68C9
:103160005B00B1FBF3F3591C40F6FC730B40002BE2
:103170000AD0FB68591E7B685B685B00B1FBF3F308
:103180000133C3F30B0351E004234FE07B689B68DA
:10319000002B11D1FB68581E7B6859680B465B00F9
:1031A0000B44B0FBF3F30133C3F30B03002B0CBF51
:1031B00001230023DBB212E0FB68581E7B685968CC
:1031C0000B469B000B4499000B44B0FBF3F3013317
:1031D000C3F30B03002B0CBF01230023DBB2002B36
:1031E00001D0012322E07B689B68002B0ED1FB6895
:1031F000581E7B6859680B465B000B44B0FBF3F329
:103200000133C3F30B0343F400430FE0FB68581E84
:103210007B6859680B469B000B4499000B44B0FB3C
:10322000F3F30133C3F30B0343F4404379680968B4
:103230001343CB617B681B681B6823F0C0017B686C
:10324000DA697B681B6A1A437B681B680A431A6049
:103250007B681B689B6823F4034323F0FF037A68B1
:1032600011697A68D26811437A6812680B439360D7
:103270007B681B68DB6823F0FF017B685A697B6809
:103280009B691A437B681B680A43DA607B681B688A
:103290001A687B681B6842F001021A607B68002292
:1032A0001A647B68202283F83D207B6800221A6321
:1032B0007B68002283F83E20002318461037BD4665
:1032C00080BD00BFA08601007F841E00FF083D0076
:1032D00083DE1B43D34D621080B588B002AFF86027
:1032E0007A601A460B467B8113463B81FFF7F4FA5E
:1032F0007861FB6893F83D30DBB2202B40F0E08032
:103300007B690093192301227049F86800F092FA52
:103310000346002B01D00223D3E0FB6893F83C3036
:10332000012B01D10223CCE0FB68012283F83C2071
:10333000FB681B681B6803F00103012B07D0FB68C7
:103340001B681A68FB681B6842F001021A60FB6880
:103350001B681A68FB681B6822F400621A60FB682D
:10336000212283F83D20FB68102283F83E20FB6871
:1033700000221A64FB687A685A62FB683A895A85A7
:10338000FB685B8D9AB2FB681A85FB68504ADA626B
:1033900079897B693A6AF86800F0CAF90346002B1C
:1033A00001D001238DE000233B61FB681B685B6952
:1033B0003B61FB681B689B693B613B6966E07A691E
:1033C000396AF86800F050FB0346002B0DD0FB680B
:1033D0001B6C042B07D1FB681B681A68FB681B6811
:1033E00042F400721A6001236BE0FB685B6A1A7892
:1033F000FB681B681A61FB685B6A5A1CFB685A62AF
:10340000FB685B8D9BB2013B9AB2FB685A85FB68F7
:103410001B8D013B9AB2FB681A85FB681B685B69D0
:1034200003F00403042B1BD1FB681B8D002B17D06A
:10343000FB685B6A1A78FB681B681A61FB685B6A49
:103440005A1CFB685A62FB685B8D9BB2013B9AB2C7
:10345000FB685A85FB681B8D013B9AB2FB681A8595
:103460007A69396AF86800F047FB0346002B0DD0F3
:10347000FB681B6C042B07D1FB681B681A68FB6890
:103480001B6842F400721A6001231AE0FB681B8D6E
:10349000002B94D1FB681B681A68FB681B6842F418
:1034A00000721A60FB68202283F83D20FB6800222E
:1034B00083F83E20FB68002283F83C20002300E0D4
:1034C000022318461837BD4680BD00BF0200100019
:1034D0000000FFFF80B58AB002AFF8607A603B6001
:1034E0000B467B81FFF7F8F9F8610023BB61FB68AD
:1034F00093F83D30DBB2202B40F01181FB69009343
:10350000192301228849F86800F094F90346002B3A
:1035100001D0022304E1FB6893F83C30012B01D178
:103520000223FDE0FB68012283F83C20FB681B6856
:103530001B6803F00103012B07D0FB681B681A68A6
:10354000FB681B6842F001021A60FB681B681A687E
:10355000FB681B6822F400621A60FB68242283F86F
:103560003D20FB6800221A64FB68704ADA62FB683F
:103570001B681A68FB681B6842F480721A60FB695A
:1035800000933B6800224FF00111F86800F052F9F7
:103590000346002B0DD0FB681B681B6803F4807387
:1035A000B3F5807F03D1FB684FF400721A640323E4
:1035B000B6E07B89DBB21A46FB681B6802F0FE02AC
:1035C0001A61FFF789F9F861FB681B685B6903F012
:1035D0000203022B0CBF01230023DBB2FB75FB6847
:1035E0001B685B6903F48063B3F5806F0CBF012334
:1035F0000023DBB2BB7525E0FFF76EF90246FB69DD
:10360000D31A3A689A4202D33B68002B03D1FB6875
:10361000A02283F83D20FB681B685B6903F002036E
:10362000022B0CBF01230023DBB2FB75FB681B6878
:103630005B6903F48063B3F5806F0CBF0123002343
:10364000DBB2BB75FB6893F83D30DBB2A02B05D035
:10365000FB7D002B02D1BB7D002BCDD0FB6820224F
:1036600083F83D20FB681B685B6903F00203022BB3
:1036700029D1FB681B681A68FB681B6842F400725A
:103680001A6000233B61FB681B685B693B61FB6858
:103690001B689B693B613B69FB690093192301220D
:1036A0002149F86800F0C6F80346002B01D0012339
:1036B00036E0FB68202283F83D20FB68002283F877
:1036C0003C2000232CE0FB681B681A68FB681B6821
:1036D00042F400721A60FB681B686FF480625A61E2
:1036E000FB690093192301220F49F86800F0A2F842
:1036F0000346002B01D0012312E0BB690133BB61FB
:10370000BA697B689A42FFF432AFFB68202283F8E3
:103710003D20FB68002283F83C20012300E00223C7
:1037200018462037BD4680BD020010000000FFFF94
:1037300080B588B002AFF8607A603B600B467B8151
:10374000FB68DB6A7B617B69082B06D07B69012BF8
:1037500003D07B6913F5803F08D1FB681B681A68AA
:10376000FB681B6842F480721A600BE0FB681B6BFD
:10377000122B07D1FB681B681A68FB681B6842F4B0
:1037800080721A603B6800937B6800224FF0011141
:10379000F86800F04FF80346002B0DD0FB681B685B
:1037A0001B6803F48073B3F5807F03D1FB684FF48B
:1037B00000721A64032335E0FB681B69B3F5804F80
:1037C00008D17B89DBB21A46FB681B6802F0FE0257
:1037D0001A611BE07B89DB11DBB203F00603DBB26D
:1037E00063F00F03DAB2FB681B681A613B687A6802
:1037F0000E49F86800F098F80346002B01D0012329
:1038000010E07B89DAB2FB681B681A613B687A6852
:103810000749F86800F088F80346002B01D001231F
:1038200000E0002318461837BD4680BD080001009F
:103830000200010080B584B000AFF860B9603B6061
:103840001346FB7148E03B68B3F1FF3F44D0FFF7FC
:1038500043F80246BB69D31A3A689A4202D33B68DE
:10386000002B39D1BB681B0CDBB2012B0DD1FB68DF
:103870001B685B69DA43BB6813409BB2002B0CBF2B
:1038800001230023DBB21A460CE0FB681B689B692E
:10389000DA43BB6813409BB2002B0CBF012300230B
:1038A000DBB21A46FB799A4216D1FB6800221A63F2
:1038B000FB68202283F83D20FB68002283F83E202D
:1038C000FB681B6C43F02002FB681A64FB68002253
:1038D00083F83C20012323E0BB681B0CDBB2012BE7
:1038E0000DD1FB681B685B69DA43BB6813409BB270
:1038F000002B0CBF01230023DBB21A460CE0FB684F
:103900001B689B69DA43BB6813409BB2002B0CBF5A
:1039100001230023DBB21A46FB799A4293D000239D
:1039200018461037BD4680BD80B584B000AFF86042
:10393000B9607A603B6071E0FB681B685B6903F407
:103940008063B3F5806F23D1FB681B681A68FB683E
:103950001B6842F400721A60FB681B686FF4806297
:103960005A61FB6800221A63FB68202283F83D201D
:10397000FB68002283F83E20FB681B6C43F00402C6
:10398000FB681A64FB68002283F83C20012367E08F
:103990007B68B3F1FF3F41D0FEF79EFF02463B68D4
:1039A000D31A7A689A4202D37B68002B36D1BB685F
:1039B0001B0CDBB2012B0CD1FB681B685B69DA4383
:1039C000BB6813409BB2002B14BF01230023DBB262
:1039D0000BE0FB681B689B69DA43BB6813409BB232
:1039E000002B14BF01230023DBB2002B16D0FB6891
:1039F00000221A63FB68202283F83D20FB68002226
:103A000083F83E20FB681B6C43F02002FB681A64BD
:103A1000FB68002283F83C20012321E0BB681B0CDB
:103A2000DBB2012B0CD1FB681B685B69DA43BB6816
:103A300013409BB2002B14BF01230023DBB20BE029
:103A4000FB681B689B69DA43BB6813409BB2002B81
:103A500014BF01230023DBB2002B7FF46DAF0023E2
:103A600018461037BD4680BD80B584B000AFF86001
:103A7000B9607A6034E0F86800F086F80346002BFD
:103A800001D0012334E0BB68B3F1FF3F28D0FEF73B
:103A900023FF02467B68D31ABA689A4202D3BB68F6
:103AA000002B1DD1FB681B685B6903F08003802B32
:103AB00016D0FB6800221A63FB68202283F83D20A1
:103AC000FB68002283F83E20FB681B6C43F0200259
:103AD000FB681A64FB68002283F83C20012307E09E
:103AE000FB681B685B6903F08003802BC3D1002354
:103AF00018461037BD4680BD80B584B000AFF86071
:103B0000B9607A6034E0F86800F03EF80346002BB4
:103B100001D0012334E0BB68B3F1FF3F28D0FEF7AA
:103B2000DBFE02467B68D31ABA689A4202D3BB68AE
:103B3000002B1DD1FB681B685B6903F00403042B99
:103B400016D0FB6800221A63FB68202283F83D2010
:103B5000FB68002283F83E20FB681B6C43F02002C8
:103B6000FB681A64FB68002283F83C20012307E00D
:103B7000FB681B685B6903F00403042BC3D10023BB
:103B800018461037BD4680BD80B483B000AF786062
:103B90007B681B685B6903F48063B3F5806F1BD19E
:103BA0007B681B686FF480625A617B6800221A632D
:103BB0007B68202283F83D207B68002283F83E202A
:103BC0007B681B6C43F004027B681A647B680022EC
:103BD00083F83C20012300E0002318460C37BD4643
:103BE00080BC704780B586B000AF78607B68002BE2
:103BF00001D1012372E27B681B6803F00103002BF3
:103C000000F08780924B5B6803F00C03042B0CD010
:103C10008F4B5B6803F00C03082B12D18C4B5B6855
:103C200003F48033B3F5803F0BD1894B1B6803F459
:103C30000033002B6CD07B685B68002B68D10123BC
:103C40004CE27B685B68B3F5803F06D1804B1B6814
:103C50007F4A43F4803313602EE07B685B68002B5F
:103C60000CD17B4B1B687A4A23F480331360784B6A
:103C70001B68774A23F4802313601DE07B685B6830
:103C8000B3F5A02F0CD1724B1B68714A43F480230B
:103C900013606F4B1B686E4A43F4803313600BE074
:103CA0006B4B1B686A4A23F480331360684B1B68B4
:103CB000674A23F4802313607B685B68002B13D072
:103CC000FEF70AFE386108E0FEF706FE02463B6991
:103CD000D31A642B01D9032300E25D4B1B6803F464
:103CE0000033002BF0D014E0FEF7F6FD386108E059
:103CF000FEF7F2FD02463B69D31A642B01D9032378
:103D0000ECE1534B1B6803F40033002BF0D100E0CF
:103D100000BF7B681B6803F00203002B63D04C4B91
:103D20005B6803F00C03002B0BD0494B5B6803F07E
:103D30000C03082B1CD1464B5B6803F48033002B2B
:103D400016D1434B1B6803F00203002B05D07B68A0
:103D50001B69012B01D00123C0E13D4B1B6823F0FF
:103D6000F8027B685B69DB00394913430B603AE07A
:103D70007B681B69002B20D0364B01221A60FEF7AE
:103D8000ABFD386108E0FEF7A7FD02463B69D31A98
:103D9000022B01D90323A1E12D4B1B6803F0020381
:103DA000002BF0D02A4B1B6823F0F8027B685B697C
:103DB000DB00274913430B6015E0264B00221A60F5
:103DC000FEF78AFD386108E0FEF786FD02463B6992
:103DD000D31A022B01D9032380E11D4B1B6803F08A
:103DE0000203002BF0D17B681B6803F00803002B53
:103DF0003AD07B689B69002B19D0174B01221A60BF
:103E0000FEF76AFD386108E0FEF766FD02463B6991
:103E1000D31A022B01D9032360E10D4B5B6A03F037
:103E20000203002BF0D0012000F0CEFA1CE00A4B78
:103E300000221A60FEF750FD38610FE0FEF74CFDDE
:103E400002463B69D31A022B08D9032346E100BF7F
:103E5000001002400000424280044242924B5B6AE2
:103E600003F00203002BE9D17B681B6803F0040315
:103E7000002B00F0A6800023FB758B4BDB6903F061
:103E80008053002B0DD1884BDB69874A43F0805368
:103E9000D361854BDB6903F08053BB60BB680123B2
:103EA000FB75824B1B6803F48073002B18D17F4B8A
:103EB0001B687E4A43F480731360FEF70DFD386182
:103EC00008E0FEF709FD02463B69D31A642B01D9CD
:103ED000032303E1754B1B6803F48073002BF0D0C0
:103EE0007B68DB68012B06D16F4B1B6A6E4A43F07F
:103EF000010313622DE07B68DB68002B0CD16A4B59
:103F00001B6A694A23F001031362674B1B6A664A06
:103F100023F0040313621CE07B68DB68052B0CD1E3
:103F2000614B1B6A604A43F0040313625E4B1B6AD9
:103F30005D4A43F0010313620BE05B4B1B6A5A4A74
:103F400023F001031362584B1B6A574A23F0040302
:103F500013627B68DB68002B15D0FEF7BDFC38616F
:103F60000AE0FEF7B9FC02463B69D31A41F28832F7
:103F7000934201D90323B1E04B4B1B6A03F00203C8
:103F8000002BEED014E0FEF7A7FC38610AE0FEF744
:103F9000A3FC02463B69D31A41F28832934201D90D
:103FA00003239BE0404B1B6A03F00203002BEED17E
:103FB000FB7D012B05D13C4BDB693B4A23F0805351
:103FC000D3617B68DB69002B00F08780364B5B6830
:103FD00003F00C03082B61D07B68DB69022B46D110
:103FE000334B00221A60FEF777FC386108E0FEF7D9
:103FF00073FC02463B69D31A022B01D903236DE0FF
:10400000294B1B6803F00073002BF0D17B681B6AFF
:10401000B3F5803F08D1244B5B6823F400327B6802
:104020009B68214913434B601F4B5B6823F4741258
:104030007B68196A7B685B6A0B431B4913434B60BF
:104040001B4B01221A60FEF747FC386108E0FEF7BF
:1040500043FC02463B69D31A022B01D903233DE0FE
:10406000114B1B6803F00073002BF0D035E0104BB0
:1040700000221A60FEF730FC386108E0FEF72CFCE5
:1040800002463B69D31A022B01D9032326E0064BD3
:104090001B6803F00073002BF0D11EE07B68DB6926
:1040A000012B07D1012319E00010024000700040ED
:1040B000600042420B4B5B68FB60FB6803F480329C
:1040C0007B681B6A9A4206D1FB6803F470127B6816
:1040D0005B6A9A4201D0012300E00023184618379A
:1040E000BD4680BD0010024080B584B000AF78604E
:1040F00039607B68002B01D10123D0E06A4B1B683B
:1041000003F007033A689A4210D9674B1B6823F003
:10411000070265493B6813430B60634B1B6803F060
:1041200007033A689A4201D00123B8E07B681B6814
:1041300003F00203002B20D07B681B6803F004030C
:10414000002B05D0594B5B68584A43F4E063536039
:104150007B681B6803F00803002B05D0534B5B689A
:10416000524A43F460535360504B5B6823F0F002B3
:104170007B689B684D4913434B607B681B6803F069
:104180000103002B40D07B685B68012B07D1474BB4
:104190001B6803F40033002B15D101237FE07B68FB
:1041A0005B68022B07D1414B1B6803F00073002BA7
:1041B00009D1012373E03D4B1B6803F00203002B80
:1041C00001D101236BE0394B5B6823F003027B686C
:1041D0005B68364913434B60FEF77EFBF8600AE0EC
:1041E000FEF77AFB0246FB68D31A41F2883293420B
:1041F00001D9032353E02D4B5B6803F00C027B686D
:104200005B689B009A42EBD1274B1B6803F00703C6
:104210003A689A4210D2244B1B6823F007022249C5
:104220003B6813430B60204B1B6803F007033A689D
:104230009A4201D0012332E07B681B6803F004033B
:10424000002B08D0194B5B6823F4E0627B68DB68C5
:10425000164913434B607B681B6803F00803002B6F
:1042600009D0124B5B6823F460527B681B69DB004A
:104270000E4913434B6000F021F802460B4B5B687C
:104280001B0903F00F030A49CB5C22FA03F3094A26
:104290001360094B1B681846FEF7DCFA002318462A
:1042A0001037BD4680BD00BF002002400010024014
:1042B00064920008080000200C00002080B487B041
:1042C00000AF0023FB600023BB6000237B61002361
:1042D0007B6000233B611E4B5B68FB60FB6803F067
:1042E0000C03042B02D0082B03D027E0194B3B61B1
:1042F00027E0FB689B0C03F00F03174AD35C7B603D
:10430000FB6803F48033002B10D0114B5B685B0C0F
:1043100003F00103114AD35CBB607B680D4A03FBC9
:1043200002F2BB68B2FBF3F37B6104E07B680C4AEA
:1043300002FB03F37B617B693B6102E0054B3B6160
:1043400000BF3B6918461C37BD4680BC704700BFA4
:104350000010024000127A007C9200088C92000843
:1043600000093D0080B400AF024B1B681846BD46F3
:1043700080BC70470800002080B500AFFFF7F2FF57
:104380000246054B5B681B0A03F007030349CB5C3D
:1043900022FA03F3184680BD001002407492000810
:1043A00080B500AFFFF7DEFF0246054B5B68DB0A16
:1043B00003F007030349CB5C22FA03F3184680BDE0
:1043C000001002407492000880B485B000AF78609D
:1043D0000A4B1B680A4AA2FB03235B0A7A6802FBAA
:1043E00003F3FB6000BFFB685A1EFA60002BF9D193
:1043F00000BF00BF1437BD4680BC704708000020D6
:10440000D34D621080B582B000AF78607B68002B1E
:1044100001D1012341E07B6893F83D30DBB2002BF2
:1044200006D17B68002283F83C207868FDF7DAFF2C
:104430007B68022283F83D207B681A687B6804331E
:104440001946104600F016FB7B68012283F84620CF
:104450007B68012283F83E207B68012283F83F209D
:104460007B68012283F840207B68012283F8412089
:104470007B68012283F842207B68012283F8432075
:104480007B68012283F844207B68012283F8452061
:104490007B68012283F83D20002318460837BD467B
:1044A00080BD80B582B000AF78607B68002B01D101
:1044B000012341E07B6893F83D30DBB2002B06D14D
:1044C0007B68002283F83C20786800F039F87B682C
:1044D000022283F83D207B681A687B680433194602
:1044E000104600F0C7FA7B68012283F846207B68FB
:1044F000012283F83E207B68012283F83F207B68FD
:10450000012283F840207B68012283F841207B68E8
:10451000012283F842207B68012283F843207B68D4
:10452000012283F844207B68012283F845207B68C0
:10453000012283F83D20002318460837BD4680BD80
:1045400080B483B000AF786000BF0C37BD4680BC3C
:104550007047000080B584B000AF786039603B6878
:10456000002B09D17B6893F83E30DBB2012B14BFDE
:1045700001230023DBB222E03B68042B09D17B68D6
:1045800093F83F30DBB2012B14BF01230023DBB2D1
:1045900015E03B68082B09D17B6893F84030DBB20B
:1045A000012B14BF01230023DBB208E07B6893F8E2
:1045B0004130DBB2012B14BF01230023DBB2002BFF
:1045C00001D001235EE03B68002B04D17B6802220E
:1045D00083F83E2013E03B68042B04D17B68022261
:1045E00083F83F200BE03B68082B04D17B68022254
:1045F00083F8402003E07B68022283F841207B6837
:104600001B6801223968184600F0C0FC7B681B68F3
:104610001E4A934207D17B681B685A6C7B681B68F3
:1046200042F400425A647B681B68184A93420ED0D9
:104630007B681B68B3F1804F09D07B681B68144A04
:10464000934204D07B681B68124A934211D17B6865
:104650001B689B6803F00703FB60FB68062B10D008
:104660007B681B681A687B681B6842F001021A604D
:1046700007E07B681B681A687B681B6842F00102D0
:104680001A60002318461037BD4680BD002C01403B
:10469000000400400008004080B582B000AF7860A0
:1046A00039607B681B6800223968184600F06EFC90
:1046B0007B681B68294A934217D17B681B681A6A7A
:1046C00041F211131340002B0FD17B681B681A6A4B
:1046D00040F244431340002B07D17B681B685A6C9F
:1046E0007B681B6822F400425A647B681B681A6A64
:1046F00041F211131340002B0FD17B681B681A6A1B
:1047000040F244431340002B07D17B681B681A68B2
:104710007B681B6822F001021A603B68002B04D101
:104720007B68012283F83E2013E03B68042B04D110
:104730007B68012283F83F200BE03B68082B04D103
:104740007B68012283F8402003E07B68012283F824
:104750004120002318460837BD4680BD002C01408B
:1047600080B586B000AFF860B9607A600023FB7551
:10477000FB6893F83C30012B01D10223AEE0FB68CB
:10478000012283F83C207B680C2B00F29F8001A261
:1047900052F823F0C9470008CD480008CD4800086A
:1047A000CD48000809480008CD480008CD48000859
:1047B000CD4800084B480008CD480008CD48000807
:1047C000CD4800088B480008FB681B68B96818468C
:1047D00000F0BEF9FB681B689A69FB681B6842F031
:1047E00008029A61FB681B689A69FB681B6822F0E3
:1047F00004029A61FB681B689969BB681A69FB68C7
:104800001B680A439A6164E0FB681B68B968184634
:1048100000F004FAFB681B689A69FB681B6842F4A5
:1048200000629A61FB681B689A69FB681B6822F446
:1048300080629A61FB681B689969BB681B691A02F0
:10484000FB681B680A439A6143E0FB681B68B96810
:10485000184600F04DFAFB681B68DA69FB681B68B4
:1048600042F00802DA61FB681B68DA69FB681B68C2
:1048700022F00402DA61FB681B68D969BB681A6917
:10488000FB681B680A43DA6123E0FB681B68B968B0
:10489000184600F097FAFB681B68DA69FB681B682A
:1048A00042F40062DA61FB681B68DA69FB681B6826
:1048B00022F48062DA61FB681B68D969BB681B69F6
:1048C0001A02FB681B680A43DA6102E00123FB75E8
:1048D00000BFFB68002283F83C20FB7D1846183798
:1048E000BD4680BD80B584B000AF786039600023DC
:1048F000FB737B6893F83C30012B01D10223B4E0B9
:104900007B68012283F83C207B68022283F83D20EB
:104910007B681B689B68BB60BB6823F07703BB6048
:10492000BB6823F47F43BB607B681B68BA689A60EE
:104930003B681B68B3F5005F3ED0B3F5005F00F243
:104940008780B3F5805F00F08680B3F5805F7FD805
:10495000702B1AD0702B7BD8602B50D0602B77D85F
:10496000502B3CD0502B73D8402B58D0402B6FD8B5
:10497000302B64D0302B6BD8202B60D0202B67D805
:10498000002B5CD0102B5AD062E07B6818683B6823
:1049900099683B685A683B68DB6800F0D8FA7B6826
:1049A0001B689B68BB60BB6843F07703BB607B6898
:1049B0001B68BA689A604FE07B6818683B68996822
:1049C0003B685A683B68DB6800F0C1FA7B681B688B
:1049D0009A687B681B6842F480429A603CE07B687E
:1049E00018683B6859683B68DB681A4600F038FA7B
:1049F0007B681B685021184600F08FFA2CE07B681A
:104A000018683B6859683B68DB681A4600F056FA3C
:104A10007B681B686021184600F07FFA1CE07B6809
:104A200018683B6859683B68DB681A4600F018FA5A
:104A30007B681B684021184600F06FFA0CE07B6829
:104A40001A683B681B681946104600F066FA03E0D6
:104A50000123FB7300E000BF7B68012283F83D2047
:104A60007B68002283F83C20FB7B18461037BD464C
:104A700080BD000080B485B000AF786039607B688D
:104A80001B68FB607B682F4A93420BD07B68B3F1B5
:104A9000804F07D07B682C4A934203D07B682B4A17
:104AA000934208D1FB6823F07003FB603B685B68AE
:104AB000FA681343FB607B68224A93420BD07B6801
:104AC000B3F1804F07D07B681F4A934203D07B68C5
:104AD0001E4A934208D1FB6823F44073FB603B6895
:104AE000DB68FA681343FB60FB6823F080023B68D5
:104AF0005B691343FB607B68FA681A603B689A68DD
:104B00007B68DA623B681A687B689A627B680D4A48
:104B1000934203D13B681A697B681A637B68012260
:104B20005A617B681B6903F00103002B05D07B6889
:104B30001B6923F001027B681A6100BF1437BD4670
:104B400080BC7047002C0140000400400008004079
:104B500080B487B000AF786039607B681B6A7B6186
:104B60007B681B6A23F001027B681A627B685B68C2
:104B70003B617B689B69FB60FB6823F07003FB6013
:104B8000FB6823F00303FB603B681B68FA68134370
:104B9000FB607B6923F002037B613B689B687A6959
:104BA00013437B617B681C4A93420CD17B6923F0E1
:104BB00008037B613B68DB687A6913437B617B692F
:104BC00023F004037B617B68134A934211D13B6954
:104BD00023F480733B613B6923F400733B613B68C2
:104BE0005B693A6913433B613B689B693A691343CC
:104BF0003B617B683A695A607B68FA689A613B68F6
:104C00005A687B685A637B687A691A6200BF1C37EE
:104C1000BD4680BC704700BF002C014080B487B007
:104C200000AF786039607B681B6A7B617B681B6AB8
:104C300023F010027B681A627B685B683B617B68CB
:104C40009B69FB60FB6823F4E043FB60FB6823F493
:104C50004073FB603B681B681B02FA681343FB60F0
:104C60007B6923F020037B613B689B681B017A69A9
:104C700013437B617B681D4A93420DD17B6923F00E
:104C800080037B613B68DB681B017A6913437B61AE
:104C90007B6923F040037B617B68144A934213D104
:104CA0003B6923F480633B613B6923F400633B6110
:104CB0003B685B699B003A6913433B613B689B69B6
:104CC0009B003A6913433B617B683A695A607B6891
:104CD000FA689A613B685A687B689A637B687A696C
:104CE0001A6200BF1C37BD4680BC7047002C0140D3
:104CF00080B487B000AF786039607B681B6A7B61E5
:104D00007B681B6A23F480727B681A627B685B682D
:104D10003B617B68DB69FB60FB6823F07003FB6031
:104D2000FB6823F00303FB603B681B68FA681343CE
:104D3000FB607B6923F400737B613B689B681B020B
:104D40007A6913437B617B681D4A93420DD17B696D
:104D500023F400637B613B68DB681B027A691343C1
:104D60007B617B6923F480637B617B68144A934297
:104D700013D13B6923F480533B613B6923F4005317
:104D80003B613B685B691B013A6913433B613B68CC
:104D90009B691B013A6913433B617B683A695A601E
:104DA0007B68FA68DA613B685A687B68DA637B681B
:104DB0007A691A6200BF1C37BD4680BC704700BFCD
:104DC000002C014080B487B000AF786039607B6808
:104DD0001B6A3B617B681B6A23F480527B681A6202
:104DE0007B685B687B617B68DB69FB60FB6823F445
:104DF000E043FB60FB6823F44073FB603B681B6887
:104E00001B02FA681343FB603B6923F400533B61C8
:104E10003B689B681B033A6913433B617B680F4AFD
:104E2000934209D17B6923F480437B613B685B69D2
:104E30009B017A6913437B617B687A695A607B685E
:104E4000FA68DA613B685A687B681A647B683A6979
:104E50001A6200BF1C37BD4680BC7047002C014061
:104E600080B487B000AFF860B9607A60FB681B6AF5
:104E70007B61FB681B6A23F00102FB681A62FB6816
:104E80009B693B613B6923F0F0033B617B681B013D
:104E90003A6913433B617B6923F00A037B617A69BA
:104EA000BB6813437B61FB683A699A61FB687A6966
:104EB0001A6200BF1C37BD4680BC704780B487B003
:104EC00000AFF860B9607A60FB681B6A7B61FB68C1
:104ED0001B6A23F01002FB681A62FB689B693B6146
:104EE0003B6923F470433B617B681B033A691343BE
:104EF0003B617B6923F0A0037B61BB681B017A697E
:104F000013437B61FB683A699A61FB687A691A62AC
:104F100000BF1C37BD4680BC704780B485B000AF71
:104F2000786039607B689B68FB60FB6823F07003E6
:104F3000FB603A68FB68134343F00703FB607B6840
:104F4000FA689A6000BF1437BD4680BC704780B4D1
:104F500087B000AFF860B9607A603B60FB689B681F
:104F60007B617B6923F47F437B613B681A027B682A
:104F70001A43BB6813437A6913437B61FB687A6900
:104F80009A6000BF1C37BD4680BC704780B487B0B4
:104F900000AFF860B9607A60BB6803F01F030122BC
:104FA00002FA03F37B61FB681A6A7B69DB431A40F0
:104FB000FB681A62FB681A6ABB6803F01F03796812
:104FC00001FA03F31A43FB681A6200BF1C37BD469F
:104FD00080BC704780B485B000AF786039607B6872
:104FE00093F83C30012B01D1022346E07B6801227B
:104FF00083F83C207B68022283F83D207B681B6895
:105000005B68FB607B681B689B68BB60FB6823F088
:105010007003FB603B681B68FA681343FB607B68A6
:105020001B68FA685A607B681B68164A93420ED068
:105030007B681B68B3F1804F09D07B681B68124AFC
:10504000934204D07B681B68104A93420CD1BB6822
:1050500023F08003BB603B685B68BA681343BB60A6
:105060007B681B68BA689A607B68012283F83D20E0
:105070007B68002283F83C20002318461437BD4685
:1050800080BC7047002C0140000400400008004034
:1050900080B582B000AF78607B68002B01D101231E
:1050A00042E07B6893F84130DBB2002B06D17B688D
:1050B000002283F840207868FDF7E0F97B6824221D
:1050C00083F841207B681B68DA687B681B6822F4E0
:1050D0000052DA60786800F0B9FD7B681B681A69D5
:1050E0007B681B6822F490421A617B681B685A69CE
:1050F0007B681B6822F02A025A617B681B68DA68A9
:105100007B681B6842F40052DA607B6800225A64B4
:105110007B68202283F841207B68202283F842208C
:105120007B6800225A63002318460837BD4680BDBD
:1051300080B58AB002AFF860B9603B601346FB806F
:1051400000237B61FB6893F84130DBB2202B75D1E3
:10515000BB68002B02D0FB88002B01D101236EE03D
:10516000FB6800225A64FB68212283F84120FDF786
:10517000B3FB7861FB68FA889A84FB68FA88DA8462
:10518000FB689B68B3F5805F08D1FB681B69002B47
:1051900004D10023FB61BB68BB6103E0BB68FB611A
:1051A0000023BB612EE03B6800937B6900228021D5
:1051B000F86800F01EFB0346002B05D0FB68202298
:1051C00083F8412003233AE0FB69002B0BD1BB6934
:1051D0001B881A46FB681B68C2F308025A60BB6949
:1051E0000233BB6107E0FB691A78FB681B685A60F1
:1051F000FB690133FB61FB68DB8C9BB2013B9AB21C
:10520000FB68DA84FB68DB8C9BB2002BCBD13B685C
:1052100000937B6900224021F86800F0EAFA034617
:10522000002B05D0FB68202283F84120032306E0F1
:10523000FB68202283F84120002300E00223184667
:105240002037BD4680BD80B584B000AFF860B9603E
:105250001346FB80FB6893F84230DBB2202B12D15F
:10526000BB68002B02D0FB88002B01D101230BE08F
:10527000FB6800221A63FB881A46B968F86800F0D8
:1052800011FB034600E0022318461037BD4680BDDF
:1052900080B5BAB000AF78607B681B681B68C7F840
:1052A000E4307B681B68DB68C7F8E0307B681B680C
:1052B0005B69C7F8DC300023C7F8D8300023C7F893
:1052C000D430D7F8E43003F00F03C7F8D830D7F85C
:1052D000D830002B0FD1D7F8E43003F02003002B97
:1052E00009D0D7F8E03003F02003002B03D0786812
:1052F00000F0EEFB5BE2D7F8D830002B00F0DE8048
:10530000D7F8DC3003F00103002B06D1D7F8E030EA
:1053100003F49073002B00F0D180D7F8E43003F051
:105320000103002B0BD0D7F8E03003F48073002B7F
:1053300005D07B685B6C43F001027B685A64D7F848
:10534000E43003F00403002B0BD0D7F8DC3003F07B
:105350000103002B05D07B685B6C43F002027B6885
:105360005A64D7F8E43003F00203002B0BD0D7F8CF
:10537000DC3003F00103002B05D07B685B6C43F04D
:1053800004027B685A64D7F8E43003F00803002B6A
:1053900011D0D7F8E03003F02003002B05D1D7F867
:1053A000DC3003F00103002B05D07B685B6C43F01D
:1053B00008027B685A647B685B6C002B00F0F2810A
:1053C000D7F8E43003F02003002B08D0D7F8E03002
:1053D00003F02003002B02D0786800F079FB7B6893
:1053E0001B685B6903F04003002B14BF01230023FB
:1053F000DBB2C7F8D4307B685B6C03F00803002B8A
:1054000003D1D7F8D430002B4FD0786800F083FA5E
:105410007B681B685B6903F04003002B41D07B680D
:105420001B681433C7F89C30D7F89C3053E8003F12
:10543000C7F89830D7F8983023F04003C7F8D03039
:105440007B681B681433D7F8D020C7F8A820C7F8AA
:10545000A430D7F8A410D7F8A82041E80023C7F853
:10546000A030D7F8A030002BD9D17B68DB6B002BA4
:1054700013D07B68DB6B7E4A5A637B68DB6B184614
:10548000FDF7A0FB0346002B16D07B68DB6B5B6B44
:105490007A68D26B104698470EE07868FCF790FB6C
:1054A0000AE07868FCF78CFB06E07868FCF788FB7C
:1054B0007B6800225A6475E100BF73E17B681B6B57
:1054C000012B40F04F81D7F8E43003F01003002B9C
:1054D00000F04881D7F8E03003F01003002B00F013
:1054E00041810023BB607B681B681B68BB607B68D5
:1054F0001B685B68BB60BB687B681B685B6903F00B
:105500004003002B00F0B6807B68DB6B1B685B6898
:10551000A7F8BE30B7F8BE30002B00F045817B689D
:105520009B8DB7F8BE209A4280F03E817B68B7F829
:10553000BE20DA857B68DB6B9B69202B00F08880BE
:105540007B681B680C33C7F88830D7F8883053E87D
:10555000003FC7F88430D7F8843023F48073C7F84D
:10556000B8307B681B680C33D7F8B820C7F8942094
:10557000C7F89030D7F89010D7F8942041E800236E
:10558000C7F88C30D7F88C30002BD9D17B681B68DA
:1055900014337B677B6F53E8003F3B673B6F23F01F
:1055A0000103C7F8B4307B681B681433D7F8B42004
:1055B000C7F88020FB67F96FD7F8802041E8002307
:1055C000BB67BB6F002BE1D17B681B6814333B6664
:1055D0003B6E53E8003FFB65FB6D23F04003C7F8CB
:1055E000B0307B681B681433D7F8B020FA66BB660E
:1055F000B96EFA6E41E800237B667B6E002BE3D127
:105600007B68202283F842207B6800221A637B6833
:105610001B680C33FB64FB6C53E8003FBB64BB6C42
:1056200023F01003C7F8AC307B681B680C33D7F845
:10563000AC20BA657B65796DBA6D41E800233B65A6
:105640003B6D002BE3D17B68DB6B1846FDF77FFADF
:105650007B6802225A637B689A8D7B68DB8D9BB2E4
:10566000D31A9BB21946786800F0ADF89CE000BFF1
:10567000DB5900087B689A8D7B68DB8D9BB2D31A5F
:10568000A7F8CE307B68DB8D9BB2002B00F08E80BC
:10569000B7F8CE30002B00F089807B681B680C3394
:1056A000BB63BB6B53E8003F7B637B6B23F490735E
:1056B000C7F8C8307B681B680C33D7F8C8207A64F9
:1056C0003B64396C7A6C41E80023FB63FB6B002B75
:1056D000E3D17B681B6814337B627B6A53E8003F2D
:1056E0003B623B6A23F00103C7F8C4307B681B6848
:1056F0001433D7F8C4203A63FB62F96A3A6B41E885
:105700000023BB62BB6A002BE3D17B68202283F8B5
:1057100042207B6800221A637B681B680C333B6164
:105720003B6953E8003FFB60FB6823F01003C7F8B8
:10573000C0307B681B680C33D7F8C020FA61BB61AE
:10574000B969FA6941E800237B617B69002BE3D1E9
:105750007B6802225A63B7F8CE301946786800F0A9
:1057600032F823E0D7F8E43003F08003002B09D0AF
:10577000D7F8E03003F08003002B03D0786800F006
:1057800040F914E0D7F8E43003F04003002B0ED0CA
:10579000D7F8E03003F04003002B08D0786800F021
:1057A0007FF904E000BF02E000BF00E000BFE8377F
:1057B000BD4680BD80B483B000AF786000BF0C37B9
:1057C000BD4680BC704780B483B000AF78600B46A4
:1057D0007B8000BF0C37BD4680BC704780B483B06F
:1057E00000AF78607B685B6C18460C37BD4680BCA8
:1057F000704780B586B000AFF860B9603B60134673
:10580000FB713BE03B6AB3F1FF3F37D0FDF764F833
:1058100002463B68D31A3A6A9A4202D33B6A002B8B
:1058200001D103233AE0FB681B68DB6803F0040343
:10583000002B23D0BB68802B20D0BB68402B1DD011
:10584000FB681B681B6803F00803082B16D10023B4
:105850007B61FB681B681B687B61FB681B685B687E
:105860007B617B69F86800F056F8FB6808225A648F
:10587000FB68002283F8402001230FE0FB681B68CF
:105880001A68BB681340BA689A420CBF0123002310
:10589000DBB21A46FB799A42B4D000231846183777
:1058A000BD4680BD80B485B000AFF860B9601346D6
:1058B000FB80FB68BA689A62FB68FA889A85FB6885
:1058C000FA88DA85FB6800225A64FB68222283F892
:1058D0004220FB681B69002B07D0FB681B68DA6855
:1058E000FB681B6842F48072DA60FB681B685A69C7
:1058F000FB681B6842F001025A61FB681B68DA68AA
:10590000FB681B6842F02002DA6000231846143757
:10591000BD4680BC704780B495B000AF78607B68AE
:105920001B680C337B637B6B53E8003F3B633B6B33
:1059300023F49073FB647B681B680C33FA6C3A6445
:10594000FB63F96B3A6C41E80023BB63BB6B002B34
:10595000E5D17B681B6814333B623B6A53E8003F28
:10596000FB61FB6923F00103BB647B681B68143394
:10597000BA6CFA62BB62B96AFA6A41E800237B62D8
:105980007B6A002BE5D17B681B6B012B19D17B68EF
:105990001B680C33FB60FB6853E8003FBB60BB68CF
:1059A00023F010037B647B681B680C337A6CBA614C
:1059B0007B617969BA6941E800233B613B69002B4F
:1059C000E5D17B68202283F842207B6800221A639D
:1059D00000BF5437BD4680BC704780B584B000AF6F
:1059E00078607B685B6AFB60FB680022DA85FB6895
:1059F0000022DA84F868FCF7E3F800BF1037BD46F0
:105A000080BD80B485B000AF78607B6893F841308A
:105A1000DBB2212B3ED17B689B68B3F5805F14D14C
:105A20007B681B69002B10D17B681B6AFB60FB68DD
:105A30001B881A467B681B68C2F308025A607B68A1
:105A40001B6A9A1C7B681A6208E07B681B6A591CF7
:105A50007A6811621A787B681B685A607B68DB8CF5
:105A60009BB2013B9BB27A681946D184002B0FD1BF
:105A70007B681B68DA687B681B6822F08002DA604A
:105A80007B681B68DA687B681B6842F04002DA605A
:105A9000002300E0022318461437BD4680BC70473F
:105AA00080B582B000AF78607B681B68DA687B687D
:105AB0001B6822F04002DA607B68202283F84120D4
:105AC0007868FFF777FE002318460837BD4680BD8B
:105AD00080B58CB000AF78607B6893F84230DBB261
:105AE000222B40F0AE807B689B68B3F5805F17D1B6
:105AF0007B681B69002B13D10023FB627B689B6AC8
:105B0000BB627B681B685B689BB2C3F308039AB2F5
:105B1000BB6A1A807B689B6A9A1C7B689A6226E043
:105B20007B689B6AFB620023BB627B689B68B3F562
:105B3000805F07D07B689B68002B0AD17B681B695C
:105B4000002B06D17B681B685B68DAB2FB6A1A70AF
:105B500008E07B681B685B68DBB203F07F03DAB2A6
:105B6000FB6A1A707B689B6A5A1C7B689A627B6826
:105B7000DB8D9BB2013B9BB27A681946D185002B25
:105B80005DD17B681B68DA687B681B6822F02002A5
:105B9000DA607B681B68DA687B681B6822F48072B5
:105BA000DA607B681B685A697B681B6822F0010217
:105BB0005A617B68202283F842207B6800225A6366
:105BC0007B681B6B012B35D17B6800221A637B68D5
:105BD0001B680C337B617B6953E8003F3B613B6989
:105BE00023F010037B627B681B680C337A6A3A628D
:105BF000FB61F9693A6A41E80023BB61BB69002B8C
:105C0000E5D17B681B681B6803F01003102B0AD1D9
:105C10000023FB607B681B681B68FB607B681B685C
:105C20005B68FB60FB687B689B8D19467868FFF7B3
:105C3000CAFD02E07868FBF7CDFE002302E00023F6
:105C400000E0022318463037BD4680BD80B584B0E1
:105C500000AF78607B681B681B6923F440517B6848
:105C6000DA687B681B680A431A617B689A687B68FC
:105C70001B691A437B685B691343BB607B681B68C5
:105C8000DB6823F4B05323F00C037A681268B96818
:105C90000B43D3607B681B685B6923F440717B68AE
:105CA0009A697B681B680A435A617B681B682C4AA7
:105CB000934203D1FEF774FBF86002E0FEF75CFB51
:105CC000F860FA6813469B0013449A001A447B68F4
:105CD0005B689B00B2FBF3F3224AA2FB03235B0940
:105CE0001901FA6813469B0013449A001A447B6812
:105CF0005B689B00B2FBF3F21A4BA3FB02035B0948
:105D0000642000FB03F3D31A1B013233154AA2FBB4
:105D100003235B0903F0F0031944FA6813469B0060
:105D200013449A001A447B685B689B00B2FBF3F251
:105D30000C4BA3FB02035B09642000FB03F3D31AA3
:105D40001B013233074AA2FB03235B0903F00F0256
:105D50007B681B680A449A6000BF1037BD4680BD4F
:105D6000003801401F85EB51002B2DE9F0471D46FF
:105D7000BBBF03F100431D4600232D2388B014460A
:105D8000B8BF1446129A109E1370149BDDF84CA0F5
:105D900023F02008B8F1460F05D0B8F1450F00D127
:105DA0000136022300E0032307AA049206AACDE9E4
:105DB00002A2CDE9003622462B4600F0A5FEB8F13E
:105DC000470F074619D1119BDB070ED500EB0609DB
:105DD0000022002320462946FAF7E6FD08B1CDF857
:105DE0001C903022079B4B451ED33846079B159AC3
:105DF000DB1B136008B0BDE8F087B8F1460F00EB7D
:105E00000609E5D10378302B0AD100220023204671
:105E10002946FAF7C9FD18B9C6F10106CAF80060AB
:105E2000DAF800309944D3E7591C07911A70D9E782
:105E3000F7B50029B6BF2D232B234942092902704B
:105E4000437029DD0DF107031D460A27B1FBF7F664
:105E50001A4607FB1614303402F8014C0C46632C2A
:105E6000314603F1FF33F1DC3031941E03F8011C9D
:105E70002346411CAB420AD30DF109039B1AAC42E5
:105E800088BF002302330344181A03B0F0BD13F88F
:105E9000016B01F8016FEDE7302330318370C17081
:105EA000031DF1E72DE9F04F91B00C46DDF8688055
:105EB00016461F46054600F017FD0368184608936E
:105EC000FAF746F900230E93D8F80030099007330B
:105ED00023F0070303F1080294F818A0D4F800B0E7
:105EE000C8F80020D3E9008929F000430B93CDF8CE
:105EF00028804FF0FF32DDE90A01C4E912899C4B8A
:105F0000FAF784FD70BBDDE90A014FF0FF32984BD0
:105F1000FAF75EFD30BB0022002340464946FAF7FF
:105F20004DFD10B12D2384F84330924A924BBAF1C3
:105F3000470F8CBF9046984603234FF0000923611A
:105F40002BF00403236033462146284600970FAA0E
:105F500000F0D4F9013040F090804FF0FF3011B0E4
:105F6000BDE8F08F42464B4640464946FAF74EFDA3
:105F700048B14B46002BB8BF2D23804AB8BF84F8E8
:105F800043307F4BD3E763680AF0DF015A1C3FD1EF
:105F90000623636000224BF48063236006920EAAFE
:105FA000CDE904A20DAA03920DF13302CDE901322D
:105FB00063684246009328464B460A91FFF7D4FE99
:105FC0000A99804647290D9928D1C81C02DB6368CD
:105FD000994240DDAAF1020A5FFA8AFA5246013973
:105FE00004F150000D91FFF723FF0E9A814613181C
:105FF000012A236102DC2268D20701D50133236123
:106000009DF83330002B9ED02D2384F843309AE73F
:106010004729BFD1002BBDD10123BAE7BAF1650FE3
:10602000DCD9BAF1660F18D1002963680BDD216154
:1060300013B92268D00702D501330B4423614FF016
:106040000009A165DCE713B92268D20701D5023344
:10605000F4E70123F2E74FF0670A0E9B994205DB54
:1060600023682161D807EAD54B1CE7E70029CCBF9C
:106070000122C1F102021344E0E723685A0507D464
:106080002369424631462846B84701302BD164E7A0
:10609000BAF1650F40F2DC80D4E91201002200233E
:1060A000FAF782FC002833D0012331462846354ACE
:1060B000B84701303FF451AFDDE90D38434502DB0D
:1060C0002368D8070FD5DDE9082331462846B847AD
:1060D00001303FF442AF4FF0000908F1FF3804F1FE
:1060E0001A0AC84509DC23689B0700F10281E068B1
:1060F0000F9B9842B8BF184631E7012352463146FC
:106100002846B84701303FF428AF09F10109E8E714
:106110000D9B002B38DC012331462846194AB8472D
:1061200001303FF41AAFDDE90D3959EA030302D11A
:106130002368D907D7D5DDE9082331462846B84773
:1061400001303FF40AAF4FF0000A04F11A0B0D9B27
:106150005B42534501DC4B4693E701235A463146E7
:106160002846B84701303FF4F8AE0AF1010AEEE7DD
:10617000FFFFEF7F929200088E9200089A9200082B
:10618000969200089E920008A36DDDF838A0534552
:10619000A8BF5346002B994636DC4FF0000B29EA86
:1061A000E97904F11A02A36D0A93A3EB09035B4595
:1061B00031DC0D9B9A453ADC2368DA0737D40D9B16
:1061C000AAEB03090A9BAAEB03039945A8BF9946CA
:1061D000B9F1000F33DC4FF0000829EAE97904F146
:1061E0001A0B0D9BAAEB0303A3EB090343457FF7AF
:1061F0007AAF01235A4631462846B84701303FF46A
:10620000ACAE08F10108ECE7424631462846B847F3
:106210000130C2D1A1E60123314628460A92B8478F
:1062200001303FF49AAE0A9A0BF1010BBBE73146FD
:10623000DDE908232846B8470130C0D18DE60A9A27
:106240004B46314628464244B8470130C3D184E624
:10625000DDF838A0BAF1010F01DCDB0736D50123E8
:10626000424631462846B84701303FF476AEDDE974
:10627000082331462846B84701303FF46EAED4E9D2
:106280001201002200230AF1FF3AFAF78DFBC0B990
:10629000534608F1010231462846B84701300CD177
:1062A0005BE601235A4631462846B84701303FF4A1
:1062B00054AE08F10108D045F3DB4B4604F150021F
:1062C000E0E64FF0000804F11A0BF4E70123424620
:1062D000E1E701234A4631462846B84701303FF4FA
:1062E0003CAE08F10108E3680F995B1A4345F0DC06
:1062F000FDE64FF0000804F11909F4E72DE9F04735
:10630000164698468A680B6907469342B8BF1346FB
:10631000336091F843200C46DDF820900AB1013338
:1063200033602368990642BF3368023333602568BF
:1063300015F0060506D104F1190AE36832689B1AC4
:10634000AB422BDC94F843302268003B18BF01239A
:10635000920630D44146384604F14302C847013022
:1063600023D02368226903F00603042B14BF002501
:1063700033684FF0000608BFE56804F11A0408BF4F
:10638000ED1A54F8123C08BF25EAE5759342C4BFE4
:106390009B1AED18B5421AD1002008E0012352469D
:1063A00041463846C847013003D14FF0FF30BDE8C1
:1063B000F0870135C1E73020E11881F843005A1C0D
:1063C00094F845102244023382F84310C2E70123B7
:1063D000224641463846C8470130E6D00136D9E763
:1063E0002DE9FF470F7E9146782F80460C469A464E
:1063F0000C9E01F1430207D8622F0AD8002F00F04B
:10640000D180582F00F0B88004F1420684F8427021
:106410003AE0A7F16303152BF6D801A151F823F058
:10642000796400088D6400080964000809640008A4
:1064300009640008096400088D6400080964000804
:106440000964000809640008096400088B650008F5
:10645000B76400084565000809640008096400087D
:10646000AD65000809640008B76400080964000805
:10647000096400084D65000833681A1D1B68326006
:1064800004F1420684F8423001239CE0336820681E
:10649000191D3160060601D51D6803E04506FBD5D0
:1064A000B3F90050002D03DA2D236D4284F84330F8
:1064B0000A23584811E021683368080653F8045B42
:1064C00002D4490648BFADB26F2F336014BF0A2310
:1064D00008235048002184F843106668002EA66007
:1064E00005DB21682E4321F0040121604BD01646C4
:1064F000B5FBF3F103FB1157C75D06F8017D2F468D
:10650000BB420D46F4D9082B0BD12368DF0708D511
:10651000236961689942DEBF302306F8013C06F129
:10652000FF36921B22614B4621464046CDF800A023
:1065300003AAFFF7E3FE01304AD14FF0FF3004B069
:10654000BDE8F087236843F02003236078273248B2
:1065500084F84570236831681F0651F8045B02D443
:106560005F0648BFADB23160D90744BF43F0200396
:1065700023601DB11023ADE72648E9E7236823F027
:1065800020032360F6E71646BDE733682568181D2B
:10659000616930602E061B6801D5196002E068064B
:1065A000FBD51980002316462361BCE73368002120
:1065B0001A1D32601E686268304600F00CFA08B19D
:1065C000801B606063682361002384F84330AAE77E
:1065D0003246494640462369D0470130ADD0236852
:1065E0009B0713D4E068039B9842B8BF1846A6E700
:1065F0000123324649464046D04701309DD00135FF
:10660000E36803995B1AAB42F2DCEBE7002504F187
:106610001906F5E7A0920008B1920008002310B512
:106620000446C0E90033C0E90433836081814366D6
:10663000C2818361194608225C3000F04CF90D4B91
:10664000246263620C4BA3620C4BE3620C4B23632A
:106650000C4B9C4206D003F16802944202D0D03326
:106660009C4205D104F15800BDE8104000F0B0B9DB
:1066700010BD00BF5168000873680008AB680008CF
:10668000CF680008F8060020024A0349034800F0DA
:1066900069B800BF140000205183000824000020C6
:1066A00041680C4B10B59942044601D001F050FEF0
:1066B000A168094B994202D0204601F049FEE168E9
:1066C000064B994204D02046BDE8104001F040BE80
:1066D00010BD00BFF806002060070020C80700209A
:1066E00010B50B4B0B4C0C4A20461A6004210022BB
:1066F000FFF794FF04F1680001220921FFF78EFFE4
:1067000004F1D0000222BDE810401221FFF786BF3D
:1067100030080020F806002089660008014800F0D3
:1067200058B900BF39080020014800F053B900BF34
:106730003908002010B50446FFF7F0FF236A1BB1AB
:10674000BDE81040FFF7F0BF044B2362044B1B6809
:10675000002BF5D1FFF7C4FFF2E700BFA1660008E8
:10676000300800202DE9F8430746884614460026E5
:10677000D4E90195B9F1010905D52468002CF7D1B8
:106780003046BDE8F883AB89012B07D9B5F90E3047
:10679000013303D029463846C04706436835E9E748
:1067A0000CB430B5184B0C1E1D689DB008DA8B2355
:1067B0004FF0FF302B601DB0BDE8304002B0704795
:1067C0004FF40273ADF814304FF000031B930CBF6D
:1067D000234604F1FF33049307934FF6FF730290AF
:1067E0000690ADF81630284621AB209A02A90193F5
:1067F00001F032FC431CBCBF8B232B60002CDAD091
:106800000022029B1A70D6E7200000200EB46FF021
:10681000004110B500249DB01FAB02900690079177
:1068200004910948094953F8042B0591006802A90D
:1068300001931B9401F010FC029B1C701DB0BDE87D
:10684000104003B0704700BF200000200802FFFF87
:1068500010B50C46B1F90E1000F06CF80028ABBF73
:10686000636DA3891B1823F48053ACBF6365A381B8
:1068700010BD2DE9F0411F468B890546DB050C460E
:10688000164605D502230022B1F90E1000F040F89B
:10689000A389324623F48053A38128463B46B4F9AA
:1068A0000E10BDE8F04100F057B810B50C46B1F934
:1068B0000E1000F02DF8431CA38915BF606523F46A
:1068C000805343F48053A38118BFA38110BDB1F955
:1068D0000E1000F00DB803460244934200D17047F9
:1068E00003F8011BF9E70000004870476001002031
:1068F00038B50023054D044608462B60FBF701FF21
:10690000431C02D12B6803B1236038BD340800203A
:1069100038B50446084611460022054D2A601A463D
:10692000FBF713FF431C02D12B6803B1236038BD72
:106930003408002038B50446084611460022054DAB
:106940002A601A46FBF7A4FE431C02D12B6803B150
:10695000236038BD3408002038B504460846114687
:106960000022054D2A601A46FBF7AFFE431C02D1F8
:106970002B6803B1236038BD34080020014B186830
:10698000704700BF2000002070B500260C4D0D4C54
:10699000641BA410A64209D102F076F800260A4D25
:1069A0000A4C641BA410A64205D170BD55F8043BE7
:1069B00098470136EEE755F8043B98470136F2E771
:1069C0000C9600080C9600080C960008109600081B
:1069D000704770477047034610B5C9B202449342EE
:1069E000184601D1002003E0047801338C42F6D12F
:1069F00010BD2DE9F74F03690C690746A3427EDB02
:106A0000013CA30000F1140501F11408009305EB0B
:106A10008403019358F8243055F8242001339A4216
:106A2000B2FBF3F608EB84092ED34FF0000AC446FC
:106A3000AE46D3465CF8043B98B206FB00A01B0CA4
:106A4000020C06FB0323DEF8002080B292B2121A79
:106A50005A44DEF800004FEA134A9BB2C3EB2243CC
:106A600003EB104392B242EA0342E1454FEA234B63
:106A70004EF8042BDED2009BEB582BB9019B043B54
:106A80009D421A462FD33C61384601F081F9002817
:106A900025DB2946002058F8042BD1F800C01FFA46
:106AA00082FE1FFA8CF3A3EB0E030344120CC2EB1D
:106AB000234202EB1C429BB243EA0243C1454FEA28
:106AC000224041F8043BE6D255F8242005EB84032C
:106AD00022B9043B9D421A460BD33C610136304635
:106AE00003B0BDE8F08F1268043B002ACBD1013C13
:106AF000C6E71268043B002AEFD1013CEAE7002018
:106B0000EEE70000000000002DE9F04F14461D469E
:106B1000C76997B08146CDE90645239E7FB910200D
:106B200000F00EFE0246C9F81C0020B9EF21AC4B64
:106B3000AC4801F06DFCC0E901770760C760D9F887
:106B40001C30196859B15A68012393404A608B6020
:106B5000484600F0EBFE0022D9F81C301A602B1ECC
:106B6000AFBF0023012223F000430793A8BF336087
:106B7000DDF81C809C4BB8BF326033EA080312D1A9
:106B800042F20F73229A1360C8F31303234300F0F9
:106B90005E85249BDFF854A2002B00F060850AF18B
:106BA000030300F05ABDDDE90623CDE90C23DDE93E
:106BB0000C0100220023F9F7F7FE074658B1012324
:106BC000229A1360249B13B1894B249A1360DFF837
:106BD00024A200F044BD14AB019315AB00934846CA
:106BE000DDE90C2301F084F9C8F30A560390002E66
:106BF00078D0DDE90C010D9BA6F2FF36C3F3130339
:106C000043F07F5343F440131297194600227A4B06
:106C1000F9F7AAFA6CA3D3E90023F9F75DFC6CA39A
:106C2000D3E90023F9F7A2FA044630460D46F9F7F6
:106C3000E9FB69A3D3E90023F9F74EFC02460B46B2
:106C400020462946F9F792FA04460D46F9F7F4FE74
:106C500000220746002320462946F9F7AFFE40B13F
:106C60003846F9F7CFFB22462B46F9F79DFE00B9CF
:106C7000013F162F54D8DDE90C01604B03EBC7032D
:106C8000D3E90023F9F79AFE00284BD00023013FF7
:106C90000F93149B9B1B5A1E49BFC3F10103002392
:106CA00004930023099254BF04930993002F3BDB04
:106CB000099B0E973B44099300230A93209B092BC1
:106CC00065D8052BC4BF043B2093209BC8BF00247C
:106CD000A3F10203D8BF0124032B64D8DFE803F03B
:106CE0005355382CDDE914631E4406F23243202B41
:106CF000C1BFC3F1400308FA03F806F2124324FAB5
:106D000003F3D6BFC3F1200348EA030004FA03F0FB
:106D1000F9F768FB0122A1F1F873013E129274E7C2
:106D20000123B5E70F90B4E7049BDB1B04937B4280
:106D30000A9300230E93C1E701230B93219B07EBDA
:106D4000030B0BF10103012B0893B8BF012306E0ED
:106D500001230B93219B002B28DD9B4608930021E8
:106D60000422D9F81C0002F114059D4226D9416085
:106D7000484600F09BFD8246002843D1024640F27F
:106D8000AF111F4BD4E60023E3E70023D5E701242E
:106D900000230B9420934FF0FF3B00221223CDF8E9
:106DA00020B02192DBE701230B93F4E74FF0010BB6
:106DB0005B46CDF820B0CDF884B0D0E70131520069
:106DC000D1E700BFAFF3008061436F63A787D23F75
:106DD000B3C8608B288AC63FFB799F501344D33FCA
:106DE000CF920008E69200080000F07FCB920008E6
:106DF0009F9200089E9200080000F83F3894000817
:106E00003E930008D9F81C301860089B0E2B00F246
:106E1000A180002C00F09E80002F33DD9C4B07F0FA
:106E20000F0203EBC203F805D3E90034CDE91034B7
:106E30004FEA271416D5DDE90C01964B0326D3E95A
:106E40000823F9F773FCCDE9060104F00F04914D16
:106E500054B9DDE91023DDE90601F9F767FCCDE956
:106E6000060128E00226F2E7E10708D5DDE9100176
:106E7000D5E90023F9F730FBCDE9100101366410A4
:106E80000835E5E700F0AF80DDE90C017C42804B7E
:106E900004F00F0203EBC203D3E90023F9F71CFB54
:106EA00002260023CDE906017A4D2411002C40F082
:106EB0008F80002BD3D1DDE906450F9B002B00F01E
:106EC0009480002220462946734BF9F777FD00286D
:106ED00000F08B80089B002B00F08780BBF1000F37
:106EE00034DD2046002229466C4BF9F7F5FA5C4662
:106EF000CDE9060107F1FF3801363046F9F782FA8D
:106F0000DDE90623F9F7E8FA0022654BF9F72EF9D7
:106F10000546A1F15076002C6AD1DDE90601002278
:106F2000604BF9F721F902460B46CDE906232A46C4
:106F30003346F9F761FD002840F09882DDE906014B
:106F40002A4606F10043F9F739FD38BBDDE90C3478
:106F5000CDE90634159B002BC0F257810E2F00F3AC
:106F600054814B4B03EBC703D3E90034CDE9043420
:106F7000219B002B80F2E580089B002B00F3E18031
:106F80000CD1DDE904010022464BF9F7A5FADDE951
:106F90000623F9F727FD002800F066820024254625
:106FA000219B56466FEA030800272146484600F019
:106FB000BDFC002D00F0BD802FB1AF4203D039469B
:106FC000484600F0B3FC2946484600F0AFFCB0E06C
:106FD000E20705D5D5E90023F9F77EFA012301364A
:106FE0006410083562E7022665E7B846089C84E726
:106FF000274B0B9903EBC40353E9022354440029A4
:1070000054D000202849F9F791FB33462A46F9F776
:10701000ABF85646CDE91001DDE90601F9F70CFDA4
:107020000546F9F7EFF902460B46DDE90601F9F7E7
:107030009BF802460B463035CDE90623DDE91023E7
:1070400006F8015BF9F7BAFC002872D1DDE90623E6
:1070500000201149F9F788F8DDE91023F9F7AEFCB3
:10706000002840F0B480A6423FF470AFDDE9100183
:1070700000220A4BF9F730FA0022CDE91001DDE9D0
:107080000601064BF9F728FACDE90601C4E700BF6F
:1070900038940008109400080000F03F00002440DD
:1070A00000001C40000014400000E03F314628462C
:1070B000F9F712FA5646CDE910011394DDE90601FD
:1070C000F9F7BAFC0546F9F79DF902460B46DDE9EA
:1070D0000601F9F749F802460B46303506F8015B20
:1070E000A642CDE906234FF0000224D1DDE91001CC
:1070F000AE4BF9F73BF802460B46DDE90601F9F71E
:107100007BFC002863D1DDE910230020A749F9F7B3
:107110002BF802460B46DDE90601F9F74FFC002883
:107120003FF414AF139E731E139316F8013C302BDB
:10713000F8D047463BE09E4BF9F7CEF9CDE9060182
:10714000BCE75646DDE90645DDE90423204629462D
:10715000F9F7ECFAF9F770FC8046F9F753F9DDE935
:107160000423F9F7B9F902460B4620462946F8F7F9
:10717000FBFF08F13004089D06F8014BA6EB0A045A
:10718000A54202460B4633D1F8F7F0FFDDE90423B0
:1071900004460D46F9F730FCC0B9DDE9042320466A
:1071A0002946F9F701FC10B118F0010F0ED148463D
:1071B000039900F0BBFB00233370229B01371F6053
:1071C000249B002B00F04B821E6048E2B8463346F9
:1071D0001E4613F8012D392A06D19A45F8D13022DE
:1071E00008F101088AF800201A7801321A70A0E725
:1071F00000226F4BF9F770F90022002304460D4678
:10720000F9F7D2FB00289FD0D1E70B9A002A00F0B3
:10721000EA80209A012A00F3CD80129A002A00F019
:10722000C18003F233430A9C049E049A01211A444C
:107230000492099A48461A44099200F02BFC05462C
:1072400066B1099B002B09DDB342A8BF3346049AFF
:10725000F61AD21A0492099AD31A09930A9B0BB30D
:107260000B9B002B00F0C680002C00F0C08029464C
:107270002246484600F0C6FC039A014605464846A9
:1072800000F01EFC03998046484600F04FFB0A9B25
:107290001B1B0A9300F0B18041460A9A484600F051
:1072A000B1FC03900121484600F0F4FB0E9B04461C
:1072B000002B00F0D8811A460146484600F0A2FC97
:1072C000209B0446012B00F39F80069B002B40F07F
:1072D0009780079BC3F31303002B40F09380079B19
:1072E00023F000431B0D1B0533B1049B01330493B2
:1072F000099B0133099301230A930E9B002B00F095
:10730000B881236904EB8303186900F077FBC0F1AF
:107310002000099B184410F01F0000F08280C0F18B
:107320002003042B73DD049BC0F11C000344049371
:10733000099B064403440993049B002B05DD1A4670
:107340004846039900F0B8FC0390099B002B05DD2B
:1073500021461A46484600F0AFFC04460F9B002B1E
:1073600061D02146039800F013FD00285BDA00236A
:107370000A224846039900F0FBFA0B9B07F1FF38FD
:107380000390002B00F07781294600230A2248460B
:1073900000F0EEFABBF1000F05466FDC209B022BDC
:1073A00049DC6BE0149BC3F136033CE70000E03F8F
:1073B00000002440089B5C1E0A9BA34209DB1C1BA7
:1073C000089B002BBFF630AF049B089A9E1A00233F
:1073D0002BE70A9B0E9AE31A1A440A94049E00248F
:1073E000089B0E9221E70A9C049E0B9D28E7DDF87E
:1073F0000C8051E70A9A039950E7CDF80C8051E7C9
:10740000002379E7069B77E700230A9379E793D077
:10741000049A1C331A440492099A1E441A4409928D
:107420008AE70346F4E7089BB846002B20DC9B461E
:10743000209B022B1EDDBBF1000F7FF4B1AD214676
:107440005B460522484600F093FA0146044603983D
:1074500000F09EFC00287FF7A3AD5646312308F1CB
:10746000010806F8013B9FE5B846089C2546F4E76D
:10747000DDF820B00B9B002B00F00181002E05DD14
:1074800029463246484600F017FC05460A9B002B69
:107490005CD04846696800F009FA064628B90246F9
:1074A00040F2EF21804BFFF743BB2A6905F10C0145
:1074B000023292000C3000F09DFF01223146484616
:1074C00000F0FAFB2F4605460AF1010304930AEB8C
:1074D0000B030A93069B03F001030993049B2146C7
:1074E000039803F1FF3BFFF784FA03463946303334
:1074F000069003980B9300F04BFC2A460890214617
:10750000484600F061FCC26806460B9B02BB014680
:10751000039800F03DFC02460B9B31464846CDE9FE
:107520000B3200F003FA209B0C9A049E42EA0301FE
:10753000099B19430B9B0DD1392B27D0089A002AA0
:1075400001DD069B31338BF800302EE52846B9E784
:107550000122E2E70899002904DB209801430998F9
:10756000014320D1002AEEDD01220399484604930D
:1075700000F0A2FB2146039000F00AFC0028049BC7
:1075800002DCE0D1DA07DED5392BDAD139238BF8EA
:10759000003033461E4616F8012C013B392A4ED0E6
:1075A00001321A7001E5002A03DD392BEED00133D8
:1075B000C9E7049A0A9902F8013C8A4228D00023BC
:1075C0000A220399484600F0D3F9AF4203904FF0E6
:1075D00000034FF00A023946484607D100F0C8F9C7
:1075E00007460546049B0133049377E700F0C0F992
:1075F0002946074600230A22484600F0B9F9054605
:10760000F0E7BBF1000FCCBF5E46012600275644D1
:10761000012203994846049300F04EFB2146039053
:1076200000F0B6FB0028B4DC02D1049BDB07B0D429
:1076300033461E4613F8012D302AFAD0B5E49A4598
:10764000A8D1312308F101088AF80030ADE4249B69
:10765000DFF858A01BB10AF10803249A13605046C2
:1076600017B0BDE8F08F209B012B7FF72EAE0E9B4D
:107670000A9301204DE6BBF1000F7FF7D9AE5646C5
:1076800021460398FFF7B5F900F1300306F8013BF6
:10769000A6EB0A029345B4DD00230A22484603996B
:1076A00000F066F90390EBE73E930008C2920008F1
:1076B00038B50546002940D051F8043C0C1F002B7A
:1076C000B8BFE41800F0E6F81C4A136833B96360E9
:1076D00014602846BDE8384000F0E2B8A34208D95B
:1076E000206821188B4201BF19685B680918216066
:1076F000EDE71A465B680BB1A342FAD9116850183E
:10770000A0420BD120680144501883421160E0D19F
:1077100018685B68084410605360DAE702D90C23EC
:107720002B60D6E7206821188B4201BF19685B687F
:107730000918216063605460CBE738BD4008002021
:10774000024B0146186800F025B800BF2000002059
:1077500070B50F4E0C463168054611B900F03AFE7F
:1077600030602146284600F035FE431C03D14FF01F
:10777000FF34204670BDC41C24F00304A042F8D09E
:10778000211A284600F026FE0130F2D1EFE700BFB3
:107790003C0800202DE9F843CD1C25F003050835F1
:1077A0000C2D38BF0C25002D064601DBA94204D95B
:1077B0000C2333600020BDE8F883DFF8D48000F0AC
:1077C00069F8D8F800301C4644BB29463046FFF71C
:1077D000BFFF431C044658D1D8F800402746002F6D
:1077E00043D1002C4BD023683946304604EB0309C3
:1077F00000F0F0FD814542D1216830466D1A2946DE
:10780000FFF7A6FF01303AD023682B442360D8F855
:1078100000305A6862BBC8F800700FE02268521B43
:1078200020D40B2A17D96119A342256018BF5960CB
:10783000636808BFC8F8001062514B60304600F022
:107840002FF804F10B00231D20F00700C21A1CBF03
:107850001B1AA350AFE76268A3420CBFC8F8002010
:107860005A60EBE723466468AEE73C467F68B6E7BC
:107870001A465B68A342FBD100235360DEE70C236A
:107880003046336000F00CF894E70560D6E700BF9F
:10789000400800200148FFF79CB800BF38080020CE
:1078A0000148FFF797B800BF3808002070B5C669D7
:1078B00004460D4676B91020FFF742FF0246E0610C
:1078C00020B96B21174B184800F0A2FDC0E90166F2
:1078D0000660C660E669F36883B1E369DB6853F864
:1078E0002500B8B9012101FA05F6721D2046920063
:1078F00000F0ACFD60B1C0E901560EE02122042188
:10790000204600F0A3FDE369F060DB68002BE4D1C2
:10791000002070BD026843F825200023C0E903332E
:10792000F7E700BFCF9200084F93000870B5C66913
:1079300005460C4676B91020FFF702FF0246E861C3
:1079400020B98F21084B094800F062FDC0E90166AB
:107950000660C6603CB1EB696268DB6853F82210D0
:10796000216043F8224070BDCF9200084F93000879
:107970002DE9F04107460C461E4600200D6901F135
:10798000140CDCF80030013099B202FB01611E0CCE
:107990000B0C02FB063389B201EB034185424FEA2F
:1079A00013464CF8041BECDC0EB3A368AB4219DCA5
:1079B000616838460131FFF779FF804628B90246F1
:1079C000BA210C4B0C4800F023FD226904F10C0194
:1079D000023292000C3000F00DFD21463846FFF7D0
:1079E000A5FF444604EB850301355E612561204611
:1079F000BDE8F0813E9300084F9300080346B0F5C0
:107A0000803F3ABF030410200020B3F1807F3CBFC9
:107A10001B020830B3F1805F3CBF1B010430B3F19F
:107A2000804F3CBF9B000230002B05DB13F0804FE2
:107A300000F1010008BF202070470368024613F0E0
:107A400007000BD0D90721D4980749BF5B089B08D2
:107A5000012013605CBF02201360704799B209B91E
:107A600010201B0CD9B209B908301B0A190704BF32
:107A70001B090430990704BF9B080230D90703D4BF
:107A80005B0800F1010003D01360704700207047CD
:107A90002020704710B50C460121FFF707FF024672
:107AA00028B940F24511044B044800F0B1FC012311
:107AB0004461036110BD00BF3E9300084F9300086E
:107AC0002DE9F04F17460A693B6989469A42A2BFE1
:107AD0003B460F4699463D69D9F810A0BB687968C6
:107AE00005EB0A06B34285B0B8BF0131FFF7DEFEF1
:107AF00030B902464FF4B171404B414800F088FC68
:107B000000F114042346002204EB860E734520D3B3
:107B100007F1140809F1140108EB850501EB8A034C
:107B20000293EB1B153B23F0030304331537BD42CF
:107B300038BF04230193029B03918B420CD8002E83
:107B400003DD5EF8043D002B55D0066105B0BDE8AD
:107B5000F08F43F8042BD9E7B1F800A0BAF1000F79
:107B60001FD0C446A14600275CF8042BD9F800308A
:107B70001FFA82FB9BB20AFB0B333B44D9F800701F
:107B8000120C3F0C0AFB027202EB13429BB243EA57
:107B9000024365454FEA124749F8043BE4D8019B8C
:107BA000E750039B0431B3F80290B9F1000F20D0E5
:107BB0004746A4464FF0000A2368B7F800B0BCF867
:107BC00002209BB209FB0B22524443EA02434CF8C9
:107BD000043B57F8043B4FEA134ABCF80030BD425F
:107BE00009FB0A3303EB12434FEA134AE5D8019A23
:107BF000A35004349FE7013EA1E700BF3E93000875
:107C00004F9300082DE9F843154612F0030207468A
:107C10000E4607D0254C013A002354F82220FFF7E6
:107C2000A7FE0646AD103DD0FC697CB91020FFF7D9
:107C300087FD0246F86128B940F2B3111C4B1D487C
:107C400000F0E6FBC0E901440460C460D7F81C8082
:107C5000D8F808404CB940F271213846FFF71AFFB6
:107C600000230446C8F8080003604FF00009EB0742
:107C70000AD5314622463846FFF722FF8046314674
:107C80003846FFF753FE46466D100BD0206838B9D2
:107C9000224621463846FFF713FF2060C0F80090C7
:107CA0000446E4E73046BDE8F88300BF00940008CE
:107CB000CF9200084F9300082DE9F0470C46074685
:107CC00091462369496803EB6218A3684FEA621A78
:107CD00008F10106B3420BDB3846FFF7E7FD054626
:107CE00048B902464FF4EF71274B284800F090FB4B
:107CF00001315B00EEE7002300F1140100F11002F6
:107D00001846534533DB20692AEAEA7A04F1140362
:107D100019F01F0901EB8A0103EB800C2BD08A4676
:107D20000022C9F1200E186800FA09F010434AF841
:107D3000040B53F8042B9C4522FA0EF2F3D8ACEB5B
:107D40000403153B23F00303043304F115006045DD
:107D500088BF0423CA500AB108F10206013E384622
:107D600021462E61FFF7E2FD2846BDE8F08742F884
:107D7000040F0133C5E7043953F8042B9C4541F83F
:107D8000042FF9D8EAE700BF3E9300084F9300089C
:107D900003460A69006930B5801A0ED114331431D4
:107DA00003EB820401EB820154F8045D51F8042DC9
:107DB000954203D005D24FF0FF3030BDA342F3D33C
:107DC000FBE70120F9E700002DE9F74F8946064659
:107DD000114648461446FFF7DBFF051E12D129461F
:107DE0003046FFF763FD024628B940F237213E4B8B
:107DF0003E4800F00DFB0123C0E90435104603B0F6
:107E0000BDE8F08FBCBF4B46A1463046D9F8041000
:107E1000BABF1C4601250025FFF748FD024618B9E8
:107E200040F24521304BE3E700F1140BD9F8107014
:107E300009F11003C5604FF0000C09F11405D94693
:107E4000266904F1140E05EB87080EEB86060193F4
:107E5000019B5EF8040B53F804AF81B201931FFA43
:107E60008AF35B1A000C6344C0EB1A4000EB23401A
:107E70009BB243EA004376454FEA204C49F8043B65
:107E8000E6D8331B153B23F0030315340433A64215
:107E900038BF04231D445B441E462C4644450ED384
:107EA00008F10301491B21F00301033DA84538BF38
:107EB00000210B4453F8041D99B117619EE7E64673
:107EC00054F8041B1FFA81FCF444080C714400EBC5
:107ED0002C4089B241EA00414FEA204C46F8041B8D
:107EE000DCE7013FE6E700BF3E9300084F93000840
:107EF0002DE97343012190469946089EFFF7D6FC71
:107F0000044630B9024640F20F31234B234800F0BB
:107F10007FFAC9F30A55C9F313030DB143F4801373
:107F20000193B8F1000324D068460093FFF785FD64
:107F3000DDE90012D8B1C0F1200302FA03F30B43CC
:107F4000C24063610192019B002B0CBF01220222FF
:107F5000A3612261ADB1A5F2334505443560C0F19E
:107F60003500099B1860204602B0BDE8708361614E
:107F7000E9E701A8FFF761FD019B01226361203061
:107F8000E7E7A0F2324004EB820330601869FFF7A4
:107F900035FDC0EB4210E4E73E9300084F93000824
:107FA0002DE9F0471F468E688246BE420C46904639
:107FB0000B682DD8B1F90C2012F4906F26D06569AA
:107FC000096905EB4505A3EB010905EBD5757B1C9C
:107FD0004B446D109D4238BF1D46530527D5294699
:107FE000FFF7D8FB064660B34A46216900F002FA63
:107FF000A38923F4906343F08003A38126614E4458
:1080000026603E466561A5EB0905A560BE4200D924
:108010003E4632464146206800F0C2F90020A3687F
:108020009B1BA360236833442360BDE8F0872A4686
:1080300000F032FA06460028E0D150462169FFF7E9
:1080400037FB0C23CAF80030A3894FF0FF3043F010
:108050004003A381E9E700002DE9F04F98468B89A2
:1080600007461B060D4614469DB010D50B6973B923
:108070004021FFF78FFB2860286130B90C233B605B
:108080004FF0FF301DB0BDE8F08F40236B6100233F
:10809000099320238DF8293030234FF00109CDF8C2
:1080A0000C80DFF898818DF82A3023469A4613F821
:1080B000012B0AB1252AF9D1BAEB040B0BD05B4690
:1080C000224629463846FFF76BFF013000F0A780B3
:1080D000099A5A4409929AF80030002B00F09F80C8
:1080E00000234FF0FF32CDE905230AF1010A049382
:1080F00007938DF853301A935446052214F8011B48
:108100004E48FEF768FC049AD8B9D00644BF202335
:108110008DF85330110744BF2B238DF853309AF854
:1081200000302A2B15D0544600204FF00A0C079A35
:10813000214611F8013B303B092B4BD9B0B10792D6
:1081400014E0A0EB080309FA03F31343A2460493D7
:10815000D2E7039B191D1B680391002BBBBF5B4239
:1081600042F0020207930793B8BF049223782E2BA4
:108170000AD163782A2B32D1039B02341A1D1B6863
:10818000039243EAE3730593DFF8B4A00322504659
:108190002178FEF720FC38B14022049BA0EB0A00B6
:1081A000824013430134049314F8011B062225482E
:1081B0008DF82810FEF70FFC002836D0224B1BBB91
:1081C000039B073323F0070308330393099B3344CE
:1081D00009936AE70C4601200CFB0232A8E7002352
:1081E0004FF00A0C194601340593204610F8012B74
:1081F000303A092A03D9002BC6D00591C4E70446BA
:1082000001230CFB0121F0E703AB00932A4638461B
:108210000E4B04A9FDF746FE421C0646D6D1AB899B
:108220005B063FF52DAF09982CE703AB00932A4678
:108230003846064B04A9FEF7D3F8EDE7A8930008EB
:10824000AE930008B2930008A55E0008A17F000865
:10825000B1F90C20F8B5160705460C4654D44B6806
:10826000002B02DC0B6C002B48DDE66A002E45D0AB
:10827000002312F480522F68216A2B6030D0626D87
:10828000A389590705D56368D21A636B0BB1236CB8
:10829000D21A00232846E66A216AB047431CA38904
:1082A00006D129681D292BD8284ACA40D60727D5C8
:1082B000002262602269D904226004D5421C01D1E7
:1082C0002B6803B96065616B2F60B9B104F1440399
:1082D000994202D02846FFF7EBF9002363630DE0D3
:1082E00001232846B0470246501CC9D12B68002BF9
:1082F000C6D01D2B01D0162B1DD12F60002021E0F0
:1083000043F040031BB21AE00F69002FF6D0930729
:1083100018BF00230E6808BF4B69F61B0F608B6007
:10832000002EEBDD33463A462846216AD4F828C0B1
:10833000E047002807DCB4F90C3043F040034FF06D
:10834000FF30A381F8BD0744361AE9E70100402059
:1083500038B50B6905460C4613B90025284638BDCB
:1083600018B1036A0BB9FEF7E5F9B4F90C30002B2C
:10837000F3D0626ED00704D4990502D4A06DFEF745
:1083800028FB28462146FFF763FF636E0546DA07A0
:10839000E4D4A3899B05E1D4A06DFEF71BFBDDE7C8
:1083A000884210B501EB020402D98442234607D863
:1083B000431EA14208D011F8012B03F8012FF8E762
:1083C000014602448A4200D110BD13F8014D02F863
:1083D000014DF7E738B50023054D044608462B60EC
:1083E000FAF7C0F9431C02D12B6803B1236038BDF2
:1083F000340800200A44914200F1FF3300D1704755
:1084000010B511F8014B914203F8014FF9D110BD9D
:108410001FB514461A46094B05461B68D8684CB16F
:10842000074BCDE9013400912B46064900F070F866
:1084300000F080F8044B1C46F3E700BF200000204A
:10844000C3930008D0930008FE93000870B5A1FB09
:10845000025434B92946FFF79DF9064628B930463B
:1084600070BD0C2200260260F9E72A462146FEF77D
:1084700032FAF4E782B001B901A942B14BB11378E5
:108480000B601278101E18BF012002B07047104612
:10849000FBE76FF00100F8E72DE9F04107461446CD
:1084A0000D4621B91146BDE8F041FFF773B92AB96D
:1084B000FFF7FEF825462846BDE8F08100F041F8B8
:1084C0008442064602D8B4EB500FF4D82146384611
:1084D000FFF760F9804608B94546ECE7B44222460A
:1084E000294628BF3246FFF785FF29463846FFF761
:1084F000DFF8F1E70346084641B1FF2A04D98A2292
:108500004FF0FF301A60704701200A70704700007A
:108510000EB403B5014603AB054853F8042B0068BD
:10852000019300F03DF802B05DF804EB03B0704732
:1085300020000020062008B500F006FA0120FAF716
:108540009CF851F8043C181F002BBCBF0B58C018F6
:108550007047936810B4013B002B936007DA94696D
:10856000A34201DB0A2902D110BC00F031B9136823
:10857000581C10601970084610BC7047F8B50646C4
:108580000F461446D518AC4201D1002007E03A4608
:10859000304614F8011BFFF7DCFF431CF3D1F8BD94
:1085A0002DE9F04F0D461446984606469DB018B189
:1085B000036A0BB9FEF7BEF86B6ED90705D4AB8919
:1085C0009A0502D4A86DFEF704FAAB891B0701D502
:1085D0002B699BB92946304600F038F970B16B6EB3
:1085E000DC0704D54FF0FF301DB0BDE8F08FAB893C
:1085F0009805F7D4A86DFEF7EDF9F3E7002309938A
:1086000020238DF8293030234FF00109CDF80C805C
:10861000DFF8A8818DF82A3023469A4613F8012BFB
:108620000AB1252AF9D1BAEB040B0BD05B462246DE
:1086300029463046FFF7A2FF013000F0A780099AD3
:108640005A4409929AF80030002B00F09F800023D2
:108650004FF0FF32CDE905230AF1010A0493079395
:108660008DF853301A935446052214F8011B5348D1
:10867000FEF7B1F9049AD8B9D10644BF20238DF88A
:108680005330130744BF2B238DF853309AF8003032
:108690002A2B15D0544600204FF00A0C079A214689
:1086A00011F8013B303B092B4BD9B0B1079214E0D4
:1086B000A0EB080309FA03F31343A2460493D2E79D
:1086C000039B191D1B680391002BBBBF5B4242F04B
:1086D000020207930793B8BF049223782E2B0AD186
:1086E00063782A2B32D1039B02341A1D1B68039234
:1086F00043EAE3730593DFF8C8A0032250462178CC
:10870000FEF769F938B14022049BA0EB0A008240D1
:1087100013430134049314F8011B062229488DF8F1
:108720002810FEF758F900283FD0274B1BBB039BAE
:10873000073323F0070308330393099B3B44099352
:108740006AE70C4601200CFB0232A8E700234FF039
:108750000A0C194601340593204610F8012B303AD3
:10876000092A03D9002BC6D00591C4E7044601238A
:108770000CFB0121F0E703AB00932A463046134B74
:1087800004A9FDF78FFB0746781CD6D16B6ED9077D
:1087900005D4AB899A0502D4A86DFEF71BF9AB8905
:1087A0005B063FF51FAF09981EE703AB00932A460F
:1087B0003046064B04A9FDF713FEE4E7A893000832
:1087C000AE930008B2930008A55E00087D850008FE
:1087D000F8B50E461446054618B1036A0BB9FDF705
:1087E000A9FFA369A360A3891A0701D5236943B927
:1087F0002146284600F02AF818B14FF0FF373846D6
:10880000F8BD23682269F6B2981A63693746834235
:1088100005DC21462846FFF79BFD0028EDD1A36823
:10882000013BA36023685A1C22601E706269431CCE
:108830009A4204D0A389DB07E1D50A2EDFD1214675
:108840002846FFF785FD0028D9D0D6E738B5294B53
:10885000054618680C4618B1036A0BB9FDF76AFFA4
:10886000B4F90C30190722D4DA0607D409222A6099
:1088700043F040034FF0FF30A38133E0580712D597
:10888000616B41B104F14403994202D02846FEF7DE
:108890000FFF00236363A38923F02403A381002334
:1088A000636023692360A38943F00803A3812369DC
:1088B0004BB9A38903F42073B3F5007F03D021469D
:1088C000284600F082F8B4F90C3013F001020AD007
:1088D0000022A26062695242A261226942B913F089
:1088E0008000C5D138BD990758BF6269A260F4E71E
:1088F0000020F7E7200000201F2938B505460C4668
:1089000004D9162303604FF0FF3038BDC26B12B19B
:1089100052F821304BB9284600F030F82246014683
:108920002846BDE8384000F017B8012B0AD0591C82
:1089300003D1162303600120E7E70021204642F817
:10894000241098470020E0E7024B01461868FFF723
:10895000D3BF00BF2000002038B50023064D0446D9
:10896000084611462B60F9F778FE431C02D12B68AC
:1089700003B1236038BD00BF34080020F9F766BE9C
:1089800070B50C46B1F90E10154600291E4696B07A
:108990000CDAA389002113F0800F14BF40234FF499
:1089A0008063002031602B6016B070BD6A4600F015
:1089B00049F80028EDDB019901F47041A1F500535D
:1089C000594259414FF48063EBE78B89F7B59D0716
:1089D00006460C4607D504F14703236023610123B3
:1089E000636103B0F0BD6A4601ABFFF7C9FF009FAA
:1089F000054639463046FEF7CDFE48B9B4F90C308D
:108A00009A05EED423F0030343F00203A381E2E7C7
:108A1000A389C4E9040743F08003A381019B20607C
:108A20005BB13046B4F90E1000F01EF828B1A389EE
:108A300023F0030343F00103A381A3891D43A58110
:108A4000CFE7000038B50023064D0446084611461E
:108A50002B60F9F761FE431C02D12B6803B1236040
:108A600038BD00BF3408002038B50023054D04464A
:108A700008462B60F9F75FFE431C02D12B6803B157
:108A8000236038BD34080020F8B500BFF8BC08BC2E
:108A90009E467047F8B500BFF8BC08BC9E467047BC
:108AA000416464723A0000004147524F20524F42E5
:108AB0004F54000025732025640000004164647257
:108AC000204572726F7200004D6F646520457272AE
:108AD0006F7200004C656E204572726F720000006C
:108AE000556E6B6E6F776E2045727200436F6465D2
:108AF0003A2530325800000000000000000000005D
:108B00000000000000000000000000000010001045
:108B10000010001000100010000000100000000005
:108B200000280028002800000000000000000000CD
:108B30000000000000240024007C00240048007C89
:108B40000048004800000000003800540050003881
:108B5000001400540054003800100000002000549D
:108B600000580030002800540014000800000000E5
:108B7000001000280028001000340048004800348D
:108B800000000000001000100010000000000000B5
:108B9000000000000000000000080010002000207D
:108BA00000200020002000200010000800200010FD
:108BB0000008000800080008000800080010002055
:108BC0000010003800100028000000000000000025
:108BD000000000000000000000100010007C0010E9
:108BE0000010000000000000000000000000000075
:108BF0000000000000000010001000100000000045
:108C0000000000000000003800000000000000002C
:108C10000000000000000000000000000000001044
:108C200000000000000800080010001000100010F4
:108C300000200020000000000038004400440054E0
:108C400000440044004400380000000000100030E0
:108C50000050001000100010001000100000000074
:108C60000038004400440004000800100020007C8C
:108C70000000000000380044000400180004000454
:108C800000440038000000000008001800280028F8
:108C90000048007C0008000800000000007C004044
:108CA0000040007800040004004400380000000088
:108CB000003800440040007800440044004400387C
:108CC00000000000007C00040008001000100020DC
:108CD000002000200000000000380044004400385C
:108CE0000044004400440038000000000038004404
:108CF00000440044003C0004004400380000000030
:108D00000000000000100000000000000000001043
:108D10000000000000000000000000100000000043
:108D2000000000100010001000000000000C0030D7
:108D300000400030000C00000000000000000000B7
:108D40000000007C0000007C00000000000000002B
:108D5000000000000060001800040018006000001F
:108D6000000000000038004400040008001000105B
:108D7000000000100000000000380044004C0054C7
:108D8000005C004000400038000000000010002897
:108D9000002800280028007C004400440000000057
:108DA0000078004400440078004400440044007807
:108DB0000000000000380044004000400040004037
:108DC00000440038000000000070004800440044E7
:108DD000004400440048007000000000007C004097
:108DE0000040007C004000400040007C000000008B
:108DF000007C0040004000780040004000400040FF
:108E0000000000000038004400400040005C0044C6
:108E10000044003800000000004400440044007C8E
:108E200000440044004400440000000000380010EA
:108E300000100010001000100010003800000000AA
:108E4000000400040004000400040004004400388E
:108E5000000000000044004800500060005000483E
:108E60000048004400000000004000400040004076
:108E7000004000400040007C000000000044006C06
:108E8000006C005400440044004400440000000012
:108E900000440064006400540054004C004C004442
:108EA0000000000000380044004400440044004436
:108EB00000440038000000000078004400440044F2
:108EC00000780040004000400000000000380044EE
:108ED00000440044004400440054003800040000F2
:108EE00000780044004400440078004800480044F2
:108EF000000000000038004400400030000800047A
:108F00000044003800000000007C00100010001039
:108F10000010001000100010000000000044004489
:108F200000440044004400440044003800000000B5
:108F300000440044004400280028002800100010CD
:108F40000000000000440044005400540054006C31
:108F5000002800280000000000440028002800101D
:108F600000100028002800440000000000440044D5
:108F70000028002800100010001000100000000061
:108F8000007C000400080010001000200040007C5D
:108F90000000000000180010001000100010001069
:108FA0000010001000100018002000200010001019
:108FB0000010001000080008000000000030001041
:108FC0000010001000100010001000100010003001
:108FD00000100028002800440000000000000000ED
:108FE0000000000000000000000000000000000081
:108FF00000000000000000FE002000100000000043
:109000000000000000000000000000000000000060
:1090100000380044003C0044004C003400000000D4
:1090200000400040005800640044004400640058C0
:109030000000000000000000003800440040004034
:109040000044003800000000000400040034004C1C
:1090500000440044004C0034000000000000000008
:1090600000380044007C004000440038000000004C
:10907000000C0010007C0010001000100010001008
:1090800000000000000000000034004C00440044D8
:10909000004C003400040078004000400058006498
:1090A00000440044004400440000000000100000A0
:1090B00000700010001000100010001000000000F0
:1090C00000100000007000100010001000100010D0
:1090D000001000E0004000400048005000600050D8
:1090E0000048004400000000007000100010001054
:1090F0000010001000100010000000000000000030
:109100000078005400540054005400540000000043
:109110000000000000580064004400440044004483
:10912000000000000000000000380044004400443B
:1091300000440038000000000000000000580064F7
:10914000004400440064005800400040000000005B
:109150000034004C00440044004C0034000400047F
:109160000000000000580064004000400040004043
:10917000000000000000000000380044003000083B
:10918000004400380000000000200020007800208B
:109190000020002000200018000000000000000057
:1091A0000044004400440044004C0034000000002F
:1091B000000000000044004400280028002800109F
:1091C0000000000000000000005400540054006C37
:1091D00000280028000000000000000000440028D3
:1091E00000100010002800440000000000000000F3
:1091F0000044004400280028001000100010006007
:1092000000000000007C0008001000200040007CEE
:1092100000000000001800100010001000200020C6
:1092200000100010001000180010001000100010B6
:10923000001000100010001000100010003000108E
:10924000001000100008000800100010001000308E
:109250000000000000000074004C0000000000004E
:1092600000000000000000000000000001020304F4
:1092700006070809000000000102030402030405B8
:10928000060708090A0B0C0D0E0F10100102494EBB
:109290004600696E66004E414E006E616E00300001
:1092A000303132333435363738394142434445461C
:1092B00000303132333435363738396162636465B2
:1092C0006600496E66696E697479004E614E00529F
:1092D00045454E54206D616C6C6F632073756363FC
:1092E0006565646564002F6275696C642F676E75CF
:1092F0002D746F6F6C732D666F722D73746D3332B6
:109300005F31332E332E72656C312E323032343071
:109310003932362D313731352F7372632F6E6577C1
:109320006C69622F6E65776C69622F6C6962632F5E
:109330007374646C69622F64746F612E63004261A0
:109340006C6C6F6320737563636565646564002F7F
:109350006275696C642F676E752D746F6F6C732DF9
:10936000666F722D73746D33325F31332E332E720C
:10937000656C312E32303234303932362D3137315E
:10938000352F7372632F6E65776C69622F6E657708
:109390006C69622F6C6962632F7374646C69622FED
:1093A0006D707265632E6300232D302B2000686C76
:1093B0004C00656667454647004300504F53495887
:1093C000002E002C2066756E6374696F6E3A200063
:1093D000617373657274696F6E2022257322206633
:1093E00061696C65643A2066696C65202225732288
:1093F0002C206C696E65202564257325730A000096
:1094000005000000190000007D00000000000000C1
:109410000080E03779C34143176E05B5B5B8934670
:10942000F5F93FE9034F384D321D30F94877825A3C
:109430003CBF737FDD4F1575000000000000F03F5A
:10944000000000000000244000000000000059401F
:109450000000000000408F40000000000088C34072
:1094600000000000006AF8400000000080842E41E7
:1094700000000000D01263410000000084D7974133
:109480000000000065CDCD41000000205FA0024239
:10949000000000E876483742000000A2941A6D42AE
:1094A000000040E59C30A2420000901EC4BCD642A1
:1094B00000003426F56B0C430080E03779C341434C
:1094C00000A0D8855734764300C84E676DC1AB43C2
:1094D000003D9160E458E143408CB5781DAF1544E0
:1094E00050EFE2D6E41A4B4492D54D06CFF08044BB
:1094F000F64AE1C7022DB544B49DD9794378EA44D0
:109500000020202020202020202028282828282053
:10951000202020202020202020202020202020204B
:1095200020881010101010101010101010101010B3
:1095300010040404040404040404041010101010A3
:10954000101041414141414101010101010101016D
:1095500001010101010101010101010110101010BF
:10956000101042424242424202020202020202023F
:109570000202020202020202020202021010101093
:1095800020000000000000000000000000000000BB
:1095900000000000000000000000000000000000CB
:1095A00000000000000000000000000000000000BB
:1095B00000000000000000000000000000000000AB
:1095C000000000000000000000000000000000009B
:1095D000000000000000000000000000000000008B
:1095E000000000000000000000000000000000007B
:1095F000000000000000000000000000000000006B
:049600000000000066
:089604004C6BFF7F0100000028
:04960C00350100081C
:04961000110100083C
:10961400070A0000F88A00080024F4001000000083
:10962400010000000000000003000000F806002014
:109634002400002000000000F8060020600700203D
:10964400C807002000000000000000000000000027
:109654000000000000000000000000000000000006
:1096640000000000000000000000000000000000F6
:1096740000000000000000000000000000000000E6
:109684004300000000000000000000000000000093
:1096940000000000000000000000000000000000C6
:1096A4004300000000000000000000000000000073
:1096B40000000000000000000000000000000000A6
:1096C4004300000000000000000000000000000053
:1096D4000000000000000000000000000000000086
:1096E4004300000000000000000000000000000033
:1096F4000000000000000000000000000000000066
:109704004300000000000000000000000000000012
:109714000000000000000000000000000000000045
:1097240043000000000000000000000000000000F2
:109734000000000000000000000000000000000025
:1097440043000000000000000000000000000000D2
:109754000000000000000000000000000000000005
:10976400F5840008758400080000000000950008D6
:10977400C1930008FE930008FE930008FE930008BE
:10978400FE930008FE930008FE930008FE93000871
:10979400FE930008FE930008FFFFFFFFFFFFFFFF9B
:1097A400FFFFFFFFFFFF0000010041534349490051
:1097B40000000000000000000000000000000000A5
:1097C400000000000000000000004153434949002C
:1097D4000000000000000000000000000000000085
:0C97E40000000000000000000000000079
:04000005080027DDEB
:00000001FF
